"name1","name2","street1","street2","city","state","zip","zip4","county","phone","website","latitude","longitude","type_facility","mh","sa","dt","mm","dm","bum","db","rpn","bu","nxn","vtrl","meth","hh","noop","pain","nmoa","moa","ubn","otp","psy","rtcc","rtca","ores","ph","omh","cmhc","msmh","ipt","cft","gt","cbt","dbt","idd","at","ect","tele","saca","trc","smon","smpd","smop","hi","res","php","op","rs","rl","rd","od","omb","odt","iop","ort","hid","hit","ct","gh","psyh","vamc","tbg","ihs","stg","lccg","dod","ssa","stmh","stdh","hla","jc","carf","ncqa","coa","hfap","np","cash","md","mc","si","pi","tricare","smha","swfs","scjj","sef","osf","clf","csbg","cmhg","vaf","fsa","cit","wi","ss","pa","asl","sp","mhsu","vet","admil","milf","cj","sen","adol","pw","wn","mn","hiv","trma","sexa","dv","sed","smi","alz","ptsd","tbi","ya","ped","act","icm","cm","cdm","peer","coot","dec","es","fpsy","hs","imr","ipc","lad","nrt","nsc","prs","stu","sps","supem","sh","tpc","tcc","vrs","adtx","bdtx","cdtx","mdtx","odtx","tgd","ico","gco","fco","mco","twfa","bia","cmi","mi","ang","mxm","crv","relp","beds","ch_ad","yad","adlt","snr","fem","male","dui","duio","acc","acm","acu","baba","ccc","cmha","csaa","daut","dp","dsf","dvfp","eis_hiv","emp","haec","heoh","hivt","isc","itu","mhs","opc","sae","shg","smhd","ssu","ssd","stdt","ta","taec","tbs","bsdm","nu","mu","bwn","bwon","ub","un","beri","pvtp","pvtn","fqhc","sumh","inpe","rpe","pc","naut","nmaut","acma","pmat","auinpe","aurpe","aupc","dlc","mhiv","mhcv","lfxd","clnd","copsu","daof","mst","noe","ofd","rc","piec","mdet","voc","hav","hbv","audo","chlor","drope","fluph","halop","loxap","perph","pimoz","proch","thiot","thior","trifl","aripi","asena","brexp","carip","cloza","ilope","luras","olanz","olanz_fluox","palip","queti","rispe","zipra","crt","emdr","kit","tms","peon","peoff","fg","pcf","fep","aot","msnh","ipsy","shp","vahc","mmd","antpych","mprep","aims","fed","sotp","dea","mhc","samhsa","mhpa","hbt","hct","labt","tod","vapn","vapp","vppd","oudo","nx","oth","mws","f17","f19","f25","f28","f30","f31","f35","f36","f37","f4","f42","f43","f47","f66","f67","f70","f81","f92","n24","n40"
"Bay Cove Treatment Center","","66 Canal Street","","Boston","MA","02114","","Suffolk","617-371-3030","https://www.baycovehumanservices.org","42.3636637","-71.059666","SU","","1","1","1","1","1","1","","1","","","1","","","","","","","1","","","","","","","","","","","","1","","","","","1","1","1","1","","","","","","1","","","","1","1","","","1","","","","","","","","","","","","1","","1","","","1","","","","","1","1","1","1","1","","","","","","","","","","","1","","","1","1","1","1","1","","","","1","1","","1","1","1","1","1","1","1","","","","","","","","","","1","","1","","","","","1","","","","","","","1","1","","","","1","","","","","","1","","1","1","","","","1","1","1","","","","1","","","1","1","","1","1","","","1","","","1","","","1","1","1","","","","1","1","1","","1","","1","1","1","1","1","1","1","","1","1","1","","","1","1","","","","","","1","1","","","","","","","1","","1","1","1","","","","","","1","1","","1","1","1","1","1","","","","","","","","","","","","","","","","","","","","","","","","","","","","","","","","","","","","","","","","","","","","","","","","1","1","","1","","","","","","1","","","1","","1","1","","1","","1","","","","","","","","","1","","","","","","",""
"Bay Cove Treatment Center","","66 Canal Street","","Boston","MA","02114","","Suffolk","617-371-3030","https://www.baycovehumanservices.org","42.3636637","-71.059666","MH","1","1","","","","","","","","","","","","","","","","","","","","","","","","","","1","","1","1","1","1","1","","1","","","1","","","","","","1","","","","","","","","","","","","","","","","","","","","","","","","","","","","","","1","1","1","1","1","","","","","","","","","1","","","1","","1","1","1","1","1","","","","1","","","","","","1","1","","","","","","1","","","","","","1","","1","1","","1","1","1","","","","","","","1","1","","","","1","","","","","","","","","","","","","","","","","","","","","","1","","1","","","","","","","","","","","","","","","","","","","","","","","","","","","","","","","","","","","","","","","","","","","1","1","1","","","","","","","","","","","","","","","","","","","","","","","","","","","","","","","","","","","","","","","","","","","","","","","","","","","","","","","","","1","","","","","","","","","","","","1","","","","","","","","","1","","1","","","","","1","","","1","","1","","","","","","","","","","","","","","","",""
"North Suffolk Community Services","Freedom Trail Clinic","25 Staniford Street","2nd Floor","Boston","MA","02114","2503","Suffolk","866-781-6727","https://www.northsuffolk.org","42.3625908","-71.0636032","MH","1","1","","","","","","","","","","","","","","","","","","","","","","","1","","","1","1","1","1","1","1","1","","1","","","","1","","","","","1","","","","","","","","","","","","","","","","","","","","","","","","","","","","","","1","1","1","1","1","","1","","","","1","","","","","","1","","","1","1","","1","","","","","","","","","","","1","","","","1","","1","","","","","","","","1","1","","","1","","","","","1","1","1","1","1","","","","1","","","","","","","","","","","","","","","","","","","","","","1","","1","","","","","","","","","","","","","","","","","","","","","","","","","","","","","","","","","1","","","","","","","","","","1","","1","","","","","","","","","","","","","","","","","","1","","","","","","","","","","","","","1","","","","","","","","1","1","1","1","1","1","1","1","1","1","1","1","1","","","","","","","","","","","","","","","","1","","1","","","","","","","","","1","","","","1","","","1","","","","1","","","","","","","","","","","","","","","","",""
"North End Waterfront Health","Behavioral Health/Substance Use Dept","332 Hanover Street","","Boston","MA","02113","","Suffolk","617-643-1195","https://northendwaterfronthealth.org","42.3648007","-71.0537232","MH","1","1","","","","","","","","","","","","","","","","","","","","","","","","","","1","1","1","1","1","1","1","","1","","","1","","","","","","1","","","","","","","","","","","","","","","","","","","","","","","","","","","","","","1","1","1","1","1","1","","","","","","","","","","","","","1","","1","1","1","","","","","","","","","","1","","","","","","","","","","","1","1","1","1","1","","1","1","1","1","","1","1","1","1","","1","1","","","","1","","","","","","","","","","","","","","","","","","","","","1","1","1","1","","","","","","","","","","","","","","","","","","","","1","","","","","","","","","","1","","","1","","","","","","","","","","1","1","1","","","","","","","","","","","","","","","","","","1","","","","","","","","","","","","","1","","","","","","","","","","","","","","","","1","","","1","","","","","","","","1","","","","","","","","","1","","1","","","","","","","1","1","1","","1","","","","","1","","","","","","","","","","","","1","","","","","","","","",""
"Charlestown Recovery Home","","15 Bunker Hill Street","","Charlestown","MA","02129","","Suffolk","617-242-0088","https://www.gavinfoundation.org","42.3762129","-71.0562303","SU","","1","","","","","","","1","","","","","","","","1","","","","","","","","","","","","","","1","","","","","","1","","","1","","","1","","","","1","","","","","","","","","","","","","","","","","","1","","1","","","1","","","","","","1","","1","1","","","","","","","","","","","1","","","","","","","","","","","","1","","","","1","","","","","","","","","","","","","","1","","","","","","","1","","","","","","","1","","","","","1","","","","","","","","1","1","","","1","1","","1","1","","","1","","","1","1","","","1","","","1","","","1","","","1","1","1","","","","1","1","1","","","","","","1","1","1","1","1","","1","1","1","","","","","","","","","","1","","","1","1","1","","","1","","1","1","1","","","","","","","","","1","1","1","","","","","","","","","","","","","","","","","","","","","","","","","","","","","","","","","","","","","","","","","","","","","","","","","","","","","","","","","","","","","1","","","","","","","","","","","","","","","","","","","","","","","",""
"Middlesex Human Service Agency Inc","Answer House Recovery Home","5 G Street","","Boston","MA","02127","","Suffolk","617-268-7124","https://www.mhsainc.org","42.3361379","-71.0444607","SU","","1","","","","","","","","","","","","","","","1","","","","","","","","","","","","","","1","","","","","","1","","","1","","","1","","","","1","","","","","","","","","","","","","","","","","","1","","1","","","","","","","","","1","","1","","","","","","","","","","","","1","","","","","","","1","","","","1","","","","","1","","","","","","","","","","","","","","1","","1","","","","","1","","","","1","","","1","","","","","1","","","","","","","1","1","1","","","1","1","","1","1","","","1","","","1","1","","","1","","","1","","","","","","1","1","1","","","","1","1","1","","","","","","1","1","1","1","1","","","1","1","","1","","","","","","","","1","","1","","1","1","","","1","","1","1","1","","","","","","","1","","1","1","","","","","","","","","","","","","","","","","","","","","","","","","","","","","","","","","","","","","","","","","","","","","","","","","","","","","","1","","","","","1","","","1","","","","","","","","","","","","","","","","","","","","","","","",""
"Dr Solomon Carter Fuller Mental Health","","85 East Newton Street","","Boston","MA","02118","","Suffolk","617-626-8700","https://www.departmentofmentalhealth.gov","42.3362574","-71.070829","MH","1","1","","","","","","","","","","","","","","","","","","1","","","","","","","","1","","1","1","1","1","1","","","","","1","","","1","","","","","","","","","","","","","","","","","","","","1","","","","","","","","","","","","","","1","1","1","1","","1","","","","1","1","","","","","","","","","","","1","1","1","1","1","1","","","","","1","1","","1","","1","1","1","1","1","1","","","","1","1","1","1","1","1","","1","","1","1","1","1","1","1","","","","1","","","","","","","","","","","","","","","","","","","","","","1","","1","","","","","","","","","","","","","","","","","","","","1","","","","","","","","","","1","","","1","","","","","","","","","","","","1","","","","","","","","","","","","","","","","","","1","","","","","","","","","","1","","1","1","1","1","","1","","","1","1","","","1","1","1","1","1","","1","1","1","1","","","","","","","","","1","","","","","","","1","","1","","","","","","","1","1","1","","1","","","","","","","","","","","","","","","","","","","","","","","","","",""
"NEW Health Charlestown","Behavioral Health/Substance Use Prog","15 Tufts Street","","Charlestown","MA","02129","","Suffolk","857-238-1120","https://newhealthcharlestown.org","42.3778685","-71.0567876","MH","1","1","","","","","","","","","","","","","","","","","","","","","","","","","","1","1","1","1","1","1","1","","1","","","1","","","","","","1","","","","","","","","","","","","","","","","","","","","","","","","","","","","","","1","1","1","1","1","1","","","","","","","","","","","","","1","","1","1","1","","","","","","","","","","1","","","","","","","","","","","1","1","1","1","1","","1","1","1","1","","1","1","1","1","","1","1","","","","1","","","","","","","","","","","","","","","","","","","","","1","1","1","1","","","","","","","","","","","","","","","","","","","","1","","","","","","","","","","1","","","1","","","","","","","","","","1","1","1","","","","","","","","","","","","","","","","","","1","","","","","","","","","","","","","1","","","","","","","","","","","","","","","","1","","","1","","","","","","","","1","","","","","","","","","1","","1","","","","","","","1","1","1","","1","","","","","1","","","","","","","","","","","","","","","","1","","","","",""
"Gavin Foundation","Center for Recovery Services","210 Old Colony Avenue","","Boston","MA","02127","","Suffolk","617-268-5000 x1","https://www.gavinfoundation.org","42.3330016","-71.0537","MH","1","1","","","","","","","","","","","","","","","","","","","","","","","","","","1","1","1","1","","1","","","","","","","1","","","","","1","","","","","","","","","","","","","","","","","","","","","","","","","","","","","","1","1","","","1","","","","","","1","","","","","","","","","","","","","","","","","","","","","","","","","","","","","","","","","","","","","1","1","","","","","","","","1","1","","1","","","","","1","","","","","","","","","","","","","","","","","","","","","","1","","1","","","","","","","","","","","","","","","","","","","","","","","","","","","","","","","","","","","","","","","","","","","1","","1","","","","","","","","","","","","","","","","","","","","","","","","","","","","","","","","","","","","","","","","","","","","","","","","","","","","","","","","","","","","","","","","","","","","","","","","","","","","","","","","","","1","","","","","","","","","","","","","","","","","","","","","","","",""
"Gavin Foundation","Center for Recovery Services","210 Old Colony Avenue","","Boston","MA","02127","","Suffolk","617-268-5000 x1","https://www.gavinfoundation.org","42.3330016","-71.0537","SU","","1","","","","","","","1","1","","","","","","","1","","","","","","","","","","","","","","1","","","","","1","1","1","","1","","","","","1","","","","","","","1","1","","","","","","","","","","","","1","1","1","","","1","","","","","1","1","","1","1","","","","","","","","","","","1","","","","","","","1","","","","1","","","","1","1","","","","","","","","","","","","","","","","","","","","","","","","","1","1","","1","","","","","1","","","","","","","1","1","1","1","1","1","1","1","1","1","","","1","","","1","1","","1","1","","","1","","","","","","1","1","1","1","","","1","1","1","","","","1","","1","","1","1","1","","","1","1","","1","","1","1","1","1","","","1","","","","1","1","","","1","1","1","1","1","","","","","","","","1","1","1","1","","","","","","","","","","","","","","","","","","","","","","","","","","","","","","","","","","","","","","","","","","","","","1","","","","","","","","","","","","","1","","","1","","","","","","","","","","","","","","","","","","","","","","","",""
"Boston Comprehensive Treatment Center","Habit Opco LLC","99 Topeka Street","","Boston","MA","02118","","Suffolk","617-442-1499","https://w	www.ctcprograms.com/location/boston-comprehensive-treatment-center/","42.3335633","-71.0664439","SU","","1","","1","","1","","","1","","","1","","","","","","","1","","","","","","","","","","","","1","","","","","1","1","1","1","","","","","","1","","","","","1","","","1","","","","","","","","","","","","1","","1","","","1","","","","","1","1","1","1","1","1","","","","","","","","","","1","","","","","1","1","1","1","","","","1","","1","1","1","1","1","","","","","","","","1","","","","1","","1","","","","","1","","","","","","","1","","","","","1","","","","","","","","1","1","1","1","","","1","1","1","","","1","","","1","1","","1","1","","","1","","","1","","","1","1","1","","","","1","1","1","1","","1","","1","1","","1","1","1","","1","1","1","","","1","1","","","","","1","","","","","","","1","","","","","","","","","","","","1","1","","1","1","1","","","","","","","","","","","","","","","","","","","","","","","","","","","","","","","","","","","","","","","","","","","","","","","","","","1","1","","1","1","1","1","","","1","","","1","","","1","","","","","","","","","","","","","","","","","","","",""
"North Suffolk Community Services","East Boston Counseling Center","14 Porter Street","","Boston","MA","02128","","Suffolk","866-781-6727","https://www.northsuffolk.org","42.3748077","-71.0380302","SU","","1","","","","1","","1","1","1","1","","","","","","1","","","","","","","","","","","","","","1","","","","","1","1","1","","1","","","","","1","","","","","1","1","1","1","","","","","","","","","","","","1","1","1","","","","","","","","1","1","1","1","1","1","","","","","","","","","","1","","","","1","1","1","1","","","","1","","","","1","1","","1","","","","","","","","","","","","","","1","","","","","1","","","","1","1","","1","1","","","","1","","","","","","","1","1","1","1","1","","1","1","1","1","1","","1","","","","","","1","1","","","1","1","","","","1","1","1","1","1","","","","1","1","","1","","1","1","1","1","1","1","1","","","1","1","1","1","","1","1","1","1","1","","1","","1","1","1","1","","","1","1","1","1","1","1","","","","1","","1","","1","1","1","","","","","","","","","","","","","","","","","","","","","","","","","","","","","","","","","","","","","","","","","","","","","1","","","","","","","","1","","","","","1","","","1","","","1","","1","1","","","","","","","","","","","1","","1","","","1","",""
"North Suffolk Community Services","East Boston Counseling Center","14 Porter Street","","Boston","MA","02128","","Suffolk","866-781-6727","https://www.northsuffolk.org","42.3748077","-71.0380302","MH","1","1","","","","","","","","","","","","","","","","","","","","","","","","","1","1","1","1","1","1","1","1","","1","","","","1","","","","1","1","","","","","","","","","","","","","","","","","","","","","","","","","","","","","","1","1","1","1","1","","1","","1","","1","","","","","","1","1","","1","1","1","1","","","","","","","","","","","1","","","","1","","1","","","","","","","","1","1","","","1","","","","","1","1","1","1","1","","","","1","","","","","","","","","","","","","","","","","","","","","1","1","1","1","","","","","","","","","","","","","","","","","","","","","","","","","","","","","","","","","1","","","","","","","","","","1","","1","","","","","","","","","","","","","","","","","","1","","","","","","","","","","","","","1","","","","","","","","1","1","1","1","1","1","1","1","1","1","1","1","1","","","","","1","1","","","","","","","","","","1","","1","","","","","","","","","","","","","1","","","1","","1","1","","1","","","","","","","","","1","","1","","","1","",""
"Healthcare Resource Centers","","23 Bradston Street","","Boston","MA","02118","","Suffolk","617-318-6480","https://www.hcrcenters.com","42.3330995","-71.0705822","SU","","1","","1","","","","","","","","1","","","","","","","1","","","","","","","","","","","","","","","","","1","1","1","1","","","","","","1","","","","","1","","","1","","","","","","","","","","","","1","","1","","","1","","","","","1","1","1","1","1","1","","","","","","","","","","1","","","1","1","1","1","1","","","","1","","","1","1","1","","1","","","","","","","","1","","","","1","","1","","","","","","","","","","","","1","1","","","","1","","","","","","","","1","1","1","","","","1","1","1","","","1","","","1","1","","1","1","","","1","","","1","","","1","1","1","","","","","1","1","","","","","","1","","1","1","1","1","","1","1","","","1","","","","","","1","","1","","","","","1","","","","","","","","","","","","1","1","","1","1","","","","","","","","","","","","","","","","","","","","","","","","","","","","","","","","","","","","","","","","","","","","","","","","","","","1","1","","1","","","","","","1","","","1","","","","","","","","","","","","","","","","","","","","","","",""
"Boston Healthcare for the Homeless Inc","","780 Albany Street","","Boston","MA","02118","","Suffolk","857-654-1323","https://www.bhchp.org/","42.333765","-71.073003","MH","1","1","","","","","","","","","","","","","","","","","","","","","","","1","","","1","","1","1","","1","","","1","","","","1","","","","","1","","","","","","","","","","","","","","","","","","","","","","","","","","","","","","1","1","1","1","1","","","","","","","","","","","","","","1","1","1","1","","","","","","","","","","","1","","","","","","","","","","","","1","1","1","1","","1","","1","","1","1","1","1","1","","1","","","","","1","","","","","","","","","","","","","","","","","","","","","","1","","1","","","","","","","","","","","","","","","","","","","","","","","","","","","","","","","","","","","","","","","","","","","1","1","1","","","","","","","","","","","","","","","","","","1","","","","","","","","","","1","","1","1","1","1","1","","","1","","1","","","","","","1","1","1","1","1","1","1","","","","","","","","","","","","","","","","1","","","","","","","","","","","1","","1","","","","","1","","","1","","","","","","","","","","","","","","","","","",""
"Gavin Foundation","Gavin House","675 East 4th Street","P.O. Box E-15","Boston","MA","02127","","Suffolk","617-268-5517 x308","https://www.gavinfoundation.org","42.3345264","-71.0377516","SU","","1","","","","","","","","","","","","","","","1","","","","","","","","","","","","","","1","","","","","1","1","","","1","","","1","","","","1","","","","","","","","","","","","","","","","","","1","","1","","","1","","","","","","1","1","1","1","","","","","","","","","","","1","","","","","1","1","1","1","","","1","1","","","","1","1","1","1","1","","","","","","","","","","1","","1","","","","","1","","","","","","","1","","","","","1","","","","","","","1","1","1","","","1","1","1","1","1","","","1","","","1","1","","","1","","","1","","","1","","","1","1","1","","","","1","1","1","","","","","","1","1","1","1","1","","","1","1","","1","","","","","","","","1","","","1","1","1","","","1","","1","1","1","","","","","","","","","1","1","1","","","","","","","","","","","","","","","","","","","","","","","","","","","","","","","","","","","","","","","","","","","","","","","","","","","","","1","","","","","","","","1","","","","","","","","","","","","","","","","","","","","","","","",""
"Boston Medical Center","Office Based Addiction Treatment Progr","801 Massachusetts Avenue","5th Floor, Suite C","Boston","MA","02118","","Suffolk","617-414-7453","https://www.bmc.org/office-based-addiction-treatment-obat","42.3330467","-71.0736404","MH","1","1","","","","","","","","","","","","","","","","","","","","","","","","","","1","","1","","","1","1","","1","","","1","","","","","","1","","","","","","","","","","","","","","","","","","","","","","","","","","","","","","","1","1","1","1","1","1","","","","1","1","1","1","1","","1","","","1","","1","1","","","","1","1","","","","","1","1","","","","1","","1","","1","","","","1","","1","1","","","","","","1","","1","1","","1","1","","","","1","","","","","","","","","","","","","","","","","","","","","1","1","1","1","","","","","","","","","","","","","","","","","","","","","","1","","","","","","","","","","","","","","","","","","","","","1","","1","","","","","","","","","","","","","","","","","","1","","","","","","","","","","","","","1","","","","","","","","1","","","1","","","","1","","1","","1","","","","","","1","1","","","","","","","","","","1","","1","","","","","","","","","1","","1","","","","","","","","","","","","","","","","","","","","","","","","","",""
"Boston Medical Center","Office Based Addiction Treatment Progr","801 Massachusetts Avenue","5th Floor, Suite C","Boston","MA","02118","","Suffolk","617-414-7453","https://www.bmc.org/office-based-addiction-treatment-obat","42.3330467","-71.0736404","SU","","1","1","","","1","1","1","1","1","1","","","","","","","","","","","","","","","","","","","","1","","","","","1","1","1","1","","","","","","1","","","","1","1","","","1","","","","1","","","","","","","","1","1","1","1","1","","1","","","","","1","1","1","1","1","","","","","","","","","","1","","","","1","1","1","1","","","","","","1","1","","","1","","","","","","","","","1","","","","1","","1","","","","","1","","1","","1","1","","1","1","","","","1","","1","1","1","1","1","","1","1","","","","1","1","1","1","1","1","1","","1","","","","1","1","","","1","1","1","1","","1","1","1","1","1","1","1","1","1","1","1","1","1","1","1","1","1","1","1","1","1","1","1","1","","1","","1","1","1","1","1","","1","","1","","","","","","","1","1","1","1","1","1","1","","1","1","1","1","1","1","1","","1","","1","1","","","","","","","","","","","","","","","","","","","","","","","","","","","","","","","","","","","","","","","","1","","1","","","","","","1","1","1","1","","1","1","","","","","","1","","","","","","","","","","","","","","","","","","","",""
"North Suffolk Community Services","Meridian House","408 Meridian Street","","Boston","MA","02128","","Suffolk","866-781-6727","https://www.northsuffolk.org","42.3804071","-71.039586","MH","1","1","","","","","","","","","","","","","","","","","","","","1","","","","","","","","1","1","1","1","1","","","","","","1","","","1","","","","","","","","","","","","","","","","","","","","","","","","","","","","","","","","1","1","1","1","1","","1","","1","","1","","","","","","","","","1","","1","1","","","","","","","","","","","","","","","","","","","","","","","1","","1","1","","","","1","","","","1","","1","1","1","","","","1","1","","","","","","","","","","","","","","","","","","","","","1","","1","","","","","","","","","","","","","","","","","","","","","","","","","","","","","","","","","1","","","","","","","","","","1","","","","","","","","","","","","","","","","","","","","","","","","","","","","","","","","","","","","","","","","","","","","","","","","","","","","","","","","","","","","","","","","","","","","","","","1","","","","","","","","","","","1","","","","","","","","","","","","","","","","","","","","","","","","","",""
"North Suffolk Community Services","Meridian House","408 Meridian Street","","Boston","MA","02128","","Suffolk","866-781-6727","https://www.northsuffolk.org","42.3804071","-71.039586","SU","","1","","","","","","","","","","","","","","","1","","","","","","","","","","","","","","1","","","","","1","1","1","","1","","","1","","","","1","","","","","","","","","","","","","","","","","","1","","1","","","","","","","","1","1","1","1","1","1","","","","","","","","","","1","","","","1","1","1","1","","","","1","","","","1","1","","1","","","","","","","","","","","","1","","1","","","","","1","","","","","","","1","1","","","","1","","","","","","","1","1","1","","","","1","1","1","1","1","","1","","","1","1","","1","1","","","1","","","","","1","1","1","1","","","","","1","1","","","","1","","1","1","1","1","1","","1","1","1","","","","","","","","","","1","","","1","1","1","","","1","","1","1","1","","","","","","","1","","1","1","1","","","","","","","","","","","","","","","","","","","","","","","","","","","","","","","","","","","","","","","","","","","","","","","","","","","","","","","","","","1","1","","","","","","","","","","","","","","","","","","","","","","","","","",""
"Hope House Inc","Outpatient","8 Farnham Street","","Roxbury","MA","02119","","Suffolk","617-971-9360","https://www.hopehouseboston.org","42.330597","-71.0745509","MH","1","1","","","","","","","","","","","","","","","","","","","","","","","1","","","1","","1","1","1","1","1","","1","","","","1","","","","1","1","","","","","","","","","","","","","","","","","","","","","","","","","","","","","","","1","1","1","","","","","","","","","","","","","","","","","","","1","1","","","1","","","","","","1","1","","","","","","1","","","","","","","","1","1","","","1","","","","","1","","","1","1","","","","1","","","","","","","","","","","","","","","","","","","","","","1","","1","","","","","","","","","","","","","","","","","","","","","","","","","","","","","","","","","","","","","","","","","","","1","","1","","","","","","","","","","","","","","","","","","","","","","","","","","","","","","","","","","","","","","","","","","","","","","","","","","","","","1","","","1","","","","","","","","","","","","","1","","","","","","","","","","","","","1","","","","","","","","","","","","","","","","","","","","","","","",""
"Hope House Inc","Co Occurring Enhanced Resid Rehab Serv","8 Famham Street","","Roxbury","MA","02119","","Suffolk","617-971-9360","https://www.hopehouseboston.org","42.330597","-71.0745509","SU","","1","","","","","","","","","","","1","","","","1","","","","","","","","","","","","","","1","","","","","","1","1","","1","","","1","","","","1","","","","","","","","","","","","","","","","","","1","","1","","","","","","","","","1","","","","","","","","","","","","","","","","","","","1","1","1","1","","","1","1","","","","1","1","1","1","1","","","","","","1","","","","1","","1","","","","","1","","","","","","","1","1","","","","1","","","","","","","","1","1","1","","","","1","1","1","","","1","","1","","","","","1","","","1","","","","","1","1","1","1","","","1","1","1","1","1","1","","1","1","1","1","1","1","1","1","","1","1","","","","","","","","","","1","","1","","1","1","","","1","","1","1","1","","","","","","1","1","","1","1","1","","","1","","","","","","","","","","","","","","","","","","","","","","","","","","","","","","","","","","","","","","","","","","","","","","","","","","","","1","1","","","1","","","","","1","","1","","","","","","","","","","","","","","","","","","",""
"Hope House Inc","Co Occurring Enhanced Resid Rehab Serv","8 Farnham Street","","Roxbury","MA","02119","","Suffolk","617-971-9360","https://www.hopehouseboston.org","42.330597","-71.0745509","MH","1","1","","","","","","","","","","","","","","","","","","","","1","","","","","","1","","1","1","1","1","1","","","","","","1","","","1","","","","","","","","","","","","","","","","","","","","","","","","","","","","","","","","","1","","1","","","","","","","","","","","","","","","","","1","","1","1","","","1","","","","","","1","1","","","","1","","1","","","","1","1","1","1","1","1","","","","1","","","","1","","1","1","1","1","","","1","1","","","","","","","","","","","","","","","","","","","","","1","","1","","","","","","","","","","","","","","","","","","","","","","","","","","","","","","","","","","","","","","","","","","","1","","1","","","","","","","","","","","","","","","","","","","","","","","","","","","","","","","","","","","","","","","","","","","","","","","","","","","","","","","","1","","","","","","","","","","","","","1","","","","","","","","","","","1","","","","","1","","1","","","","","","","","","","","","","","","","","","",""
"Hope House Inc","Recovery Home","8 Farnham Street","","Roxbury","MA","02119","","Suffolk","617-971-9360","https://www.hopehouseboston.org","42.330597","-71.0745509","SU","","1","","","","","","","","","","","1","","","","1","","","","","","","","","","","","","","1","","","","","","1","","","1","","","1","","","","1","","","","","","","","","","","","","","","","","","1","","1","","","","","","","","","1","","","","","","","","","","","","","","","","","","","1","1","1","1","","","1","1","","","","1","1","1","1","1","","","","","","1","","","","1","","1","","","","","1","","","","","","","1","1","","","","1","","","","","","","","1","1","1","","","","1","1","1","","","1","","1","","","","","1","","","1","","","","","","1","1","1","","","1","1","1","1","1","1","","1","1","1","1","1","1","1","1","","1","1","","","","","","","","","","1","","","","1","1","","","1","","1","1","1","","","","","","1","1","","1","1","1","","","1","","","","","","","","","","","","","","","","","","","","","","","","","","","","","","","","","","","","","","","","","","","","","","","","","","","","1","1","","","1","","","","","1","","","1","","","","","","","","","","","","","","","","","",""
"Hope House Inc","Outpatient","8 Farnham Street","","Roxbury","MA","02119","","Suffolk","617-971-9360","https://www.hopehouseboston.org","42.330597","-71.0745509","SU","","1","","","","","","","","","","","","","","","1","","","","","","","","","","","","","","1","","","","","1","1","1","","1","","","","","1","","","","","","","1","1","","","","","","","","","","","","1","","1","","","","","","","","","1","1","1","","","","","","","","","","","","","","","","","1","","1","1","","","1","1","","","","1","1","1","1","1","","","","","","1","","","","","","","","","","","","","","","","","","1","1","","","","1","","","","","","","1","1","1","1","1","","1","1","1","1","1","","1","","","1","1","","","1","","","1","","","","","","1","","1","","","","","","","","","","1","","1","","1","1","1","","","","","","","","","","","","","","1","","1","","","1","","","1","","1","","1","","","","","","1","","","1","1","1","","","","","","","","","","","","","","","","","","","","","","","","","","","","","","","","","","","","","","","","","","","","","","","","","","","","","","","","","","1","","","1","","","","","","","","","","","","","","","","","","","","","","","",""
"Andrew House Boston","","170 Morton Street","Suite 4-South","Jamaica Plain","MA","02130","","Suffolk","617-318-5600","https://www.baycovehumanservices.org","42.3389582","-71.0876222","SU","","1","1","","","1","1","1","1","1","1","","","","","","1","","","","","","","","","","","","","","1","","","","","1","1","1","","1","","1","","","","","","","","","","","","1","1","","1","","","","","","","","1","","1","1","","1","","","","","1","1","1","1","1","1","","","","","","","","","","1","","","","","1","1","1","1","1","1","1","1","","1","1","1","1","1","1","1","","","","","","","","","","1","","1","","","","","1","","","","1","1","","1","1","","","","1","","1","1","1","1","1","1","1","1","","","1","1","1","1","1","1","1","1","","","1","1","","1","1","","","1","1","","1","","1","1","1","1","1","","1","1","1","1","1","","","1","1","1","1","1","1","1","1","1","1","1","1","1","","1","1","1","1","1","","1","1","","1","1","1","","","1","1","","1","","1","1","1","1","1","1","1","","1","1","1","","1","1","","","","","","","","","","","","","","","","","","","","","","","","","","","","","","","","","","","","","","","","","","1","","1","","","1","1","","1","1","1","1","","1","","","1","","","1","1","","","","","","","","","","","","","","","1","","","","",""
"Mirasol Center for Healing","","170 Morton Street","12th Floor South","Jamaica Plain","MA","02130","","Suffolk","617-318-5118","https://www.baycovehumanservices.org","42.3389582","-71.0876222","SU","","1","","","","1","","1","1","1","1","","","","","","1","","","","","","","","","","","","","","1","","","","","1","1","1","","1","","1","","","","","","","","","","","","","1","","1","","","","","","","","1","","1","1","","","","","","","1","1","1","1","1","1","","","","","","","","","","1","","","","","1","1","1","1","1","1","1","1","","1","1","1","1","1","1","1","","","","","","","","","","1","","1","","","","","1","","","","1","1","","1","1","","","","1","","","","","","","1","1","1","","","1","1","1","1","1","1","1","1","","","1","1","","1","1","","","1","1","","1","","1","1","1","1","1","","1","1","1","1","1","","","1","1","1","1","1","1","1","1","1","1","1","1","1","","1","1","1","1","1","","1","1","","1","1","1","","","1","1","","1","","1","1","1","1","1","1","1","","1","1","1","","","1","","","","","","","","","","","","","","","","","","","","","","","","","","","","","","","","","","","","","","","","","","1","","1","","","","","","1","1","1","1","","1","","","1","","","1","1","","","","","","","","","","","","","","","1","","","","",""
"Victory Programs Inc","Womens Hope","170 Morton Street","11 South","Jamaica Plain","MA","02130","","Suffolk","617-442-0048 x315","https://www.vpi.org","42.3389582","-71.0876222","SU","","1","","","","","","","","","","","1","","","","1","","","","","","","","","","","","","","1","","","","","","1","1","","1","","","1","","","","1","","","","","","","","","","1","","","","","","","","1","","1","","","","","","","","","1","","1","","","","","","","","","","","","","","","","1","","","1","","","","","","","","1","","1","1","1","1","","","","","","","","","","1","","1","","","","","1","","","","","","","1","1","","","","1","","","","","","","","1","1","","","1","","","1","1","1","","1","","","1","1","","1","","","","1","","","","","","1","","1","","1","1","1","1","1","1","","","1","","1","1","1","1","1","1","1","1","1","","","","","","","","","","1","","1","","1","1","","","1","","1","1","1","","","1","","","1","","","1","1","1","","","1","","","","","","","","","","","","","","","","","","","","","","","","","","","","","","","","","","","","","","","","","","","","","","","","","","","","1","1","","","1","","","","","","","","","","","","","","","","","","","","","","","","","",""
"Victory Programs Inc","Womens Hope","170 Morton Street","11 South","Jamaica Plain","MA","02130","","Suffolk","617-442-0048 x315","https://www.vpi.org","42.3389582","-71.0876222","MH","1","1","","","","","","","","","","","","","","","","","","","","1","","","","","","1","","1","1","1","1","1","","1","","","","1","","","1","","","","","","","","","","","","","","","","","","","","","","","","","","","","","","","","","1","","","","","","","","","","","","","","","1","","","1","","","1","","","","","1","","","","","1","1","","","","","","1","","1","","","1","1","","1","","1","","","1","","","","","","1","1","1","","","","1","1","","","","","","","","","","","","","","","","","","","","","1","","1","","","","","","","","","","","","","","","","","","","","","","","","","","","","","","","","","","","","","","","","","","","1","","1","","","","","","","","","","","","","","","","","","","","","","","","","","","","","","","","","","","","","","","","","","","","","","","","","","","","","","","","","","","","","","","","","","","","","1","","","","","","","","","","","1","","","","","","","","","","","","","","","","","","","","","","","","","",""
"Casa Esperanza Inc","Familias Unidas Outpatient Program","245 Eustis Street","","Roxbury","MA","02119","","Suffolk","617-445-1123 x1308","https://www.casaesperanza.org","42.3267786","-71.0751028","MH","1","1","","","","","","","","","","","","","","","","","","","","","","","1","","","1","1","1","1","1","1","1","","1","","","","1","","","","","1","","","","","","","","","","","","","","","","","","","","","","","","","","","","","","","1","1","","","","","","","","","","","","","","","","","1","1","1","1","","","","","1","","","","","1","1","","","","1","","1","1","","","","","1","","1","1","","","1","","","1","","1","1","1","1","1","1","","","1","","","","","","","","","","","","","","","","","","","","","","1","","1","","","","","","","","","","","","","","","","","","","","","","","","","","","","","","","","","","","","","","","","","","","1","","1","","","","","","","","","","","","","","","","","","","","","","","","","","","","1","","1","1","1","1","1","1","1","1","1","1","","1","1","1","1","1","1","1","1","1","1","1","","","","","","","","","","","","","","","","1","","1","","","","","","","","","1","","1","","","","","1","","","1","","","","","","","","","","","","","","","","","",""
"Casa Esperanza Inc","Familias Unidas Outpatient Program","245 Eustis Street","","Roxbury","MA","02119","","Suffolk","617-445-1123 x1308","https://www.casaesperanza.org","42.3267786","-71.0751028","SU","","1","","","","","","1","1","1","1","","","","","","1","","","","","","","","","","","","","","1","","","","","1","1","1","","1","","","","","1","","","","","1","1","1","1","","","","","","","","","","","","1","","1","","","1","","","","","","1","1","1","","","","","","","","","","","","1","","","","1","1","1","1","1","1","1","1","1","","1","1","1","1","1","1","1","","","","","","1","","","","1","","1","","","","","1","","1","","1","1","","1","1","","","","1","","","","","","","1","1","1","1","1","1","1","","1","1","1","","1","","","1","1","","1","1","","","1","","","1","","1","1","1","1","1","1","1","1","1","1","1","1","","1","1","1","1","1","1","1","1","1","1","1","","1","","1","1","","1","","","1","","1","1","1","","","","1","1","","1","","","1","1","","","1","1","","1","1","1","1","","","1","1","","","","","","","","","","","","","","","","","","","","","","","","","","","","","","","","","","","","","","","","1","","1","","","","","","1","1","1","1","","1","1","","","","","1","","","1","","","","","","","","","","","","","","","","","",""
"Familias Unidas Outpatient Satellite","","302 Eustis Street","","Roxbury","MA","02119","","Suffolk","617-445-1123","https://www.casaesperanza.org","42.3259318","-71.0731668","MH","1","1","","","","","","","","","","","","","","","","","","","","","","","1","","","1","1","1","1","1","1","1","","1","","","","1","","","","","1","","","","","","","","","","","","","","","","","","","","","","","","","","","","","","","1","1","","","","","","","","","","","","","","","","","1","1","1","1","","","","","1","","","","","1","1","","","","1","","1","1","","","","","1","","1","1","","","1","","","1","","1","1","1","1","1","1","1","","1","","","","","","","","","","","","","","","","","","","","","","1","","1","","","","","","","","","","","","","","","","","","","","","","","","","","","","","","","","","","","","","","","","","","","1","","1","","","","","","","","","","","","","","","","","","","","","","","","","","","","","","","","","","","","","","","","","","","","","","","","","","","","","","","","","","","","","","","","","","","","","1","","","","","","","","","","","1","","","","","1","","","1","","","","","","","","","","","","","","","","","",""
"Casa Esperanza Inc","Latinas y Ninos Center","263 Eustis Street","","Roxbury","MA","02119","","Suffolk","617-445-1123 x321","https://www.casaesperanza.org","42.3264101","-71.074685","SU","","1","","","","","","1","1","1","1","","","","","","1","","","","","","","","","","","","","","1","","","","","1","1","1","","1","","","1","","","","1","","","","","","","","","","","","","","","","","","1","","1","","","","","","","","","1","1","1","1","1","","","","","","","","","","1","","","","1","1","","1","1","1","1","1","1","","1","1","","1","1","1","1","","","","","","1","","","","1","","1","","","","","1","","1","","1","1","","1","1","","","","1","","","","","","","","1","1","1","","1","1","","1","1","1","1","1","1","","1","1","","1","","","","1","","","1","","1","1","1","1","","","1","1","1","1","","1","","1","1","1","1","1","1","1","","","1","","","1","","1","1","1","1","","","1","","1","1","1","1","","","1","","1","1","1","1","","","","1","1","","1","1","1","1","1","","","","","","","","","","","","","","","","","","","","","","","","","","","","","","","","","","","","","","","","","","","","1","","1","","","","","","1","1","","","","","1","","","","","","","","","","","","","","","","","","","","","","","","","",""
"Casa Esperanza Inc","Latinas y Ninos Center","263 Eustis Street","","Roxbury","MA","02119","","Suffolk","617-445-1123 x321","https://www.casaesperanza.org","42.3264101","-71.074685","MH","1","1","","","","","","","","","","","","","","","","","","","","1","1","","","","","1","1","1","1","","1","","","","","","","1","","","1","","","","","","","","","","","","","","","","","","","","","","","","","","","","","","","","","1","1","1","1","","","","","","","","","","","","1","","","1","1","1","1","","","","","","","","","","1","1","","","","1","","1","","","","","","1","","","1","","","","1","1","1","","","","","1","","","","","1","","","","","","","","","","","","","","","","","","","","","","1","","1","","","","","","","","","","","","","","","","","","","","","","","","","","","","","","","","","","","","","","","","","","","1","","1","","","","","","","","","","","","","","","","","","","","","","","","","","","","","","","","","","","","","","","","","","","","","","","","","","","","","","","","1","","","","","","","","","","","","","","","","","","","","","","","","1","","","","","1","","","1","","1","","","","","","","","","","","1","","","","",""
"Casa Esperanza Inc","Casa Esperanzas Mens Program","291 Eustis Street","","Boston","MA","02119","","Suffolk","617-445-1123","https://www.casaesperanza.org","42.3259943","-71.0738732","SU","","1","","","","1","","","1","1","","","","","","","1","","","","","","","","","","","","","","1","","","","","1","1","1","","1","","","1","","","","1","","","","","","","","","","","","","","","","","","1","","1","","","","","","","","","1","1","1","1","","","","","","","","","","","1","","","","1","","1","1","1","","","1","1","","","","1","1","1","1","1","","","","","","1","","","","1","","1","","","","","1","","","","1","","","1","","","","","1","","","","","","","1","1","1","","","1","1","1","1","1","1","","1","","","1","1","","","1","","","1","1","","1","","","1","1","1","1","","1","1","1","1","","","","","","1","1","","1","1","","","1","","","1","","1","","","","1","","1","","","1","1","","","","1","1","","1","","","","","","","","1","","1","1","1","","","1","","","","","","","","","","","","","","","","","","","","","","","","","","","","","","","","","","","","","","","","","","","","","","","","","","1","","","","","1","1","","","","","","","","","","","","","","","","","","","","","","","","","",""
"Casa Esperanza Inc","Recovery Support Outpatient Services","8 Dunmore Street","","Roxbury","MA","02119","","Suffolk","617-445-1123 x1308","https://www.casaesperanza.org","42.3261197","-71.0748853","MH","1","1","","","","","","","","","","","","","","","","","","","","","","","1","","","1","1","1","1","1","1","1","","1","","","","1","","","","","1","","","","","","","","","","","","","","","","","","","","","","","","","","","","","","","1","1","","","","","","","","","","","","","","","","","1","1","1","1","","","","","1","","","","","1","1","","","","1","","1","1","","","","","1","","1","1","","","1","","","1","","1","1","1","1","1","1","1","","1","","","","","","","","","","","","","","","","","","","","","","1","","1","","","","","","","","","","","","","","","","","","","","","","","","","","","","","","","","","","","","","","","","","","","1","","1","","","","","","","","","","","","","","","","","","","","","","","","","","","","","","","","","","","","","","","","","","","","","","","","","","","","","","","","","","","","","","","","","","","","","1","","","","","","","","","","","1","","","","","1","","","1","","","","","","","","","","","","","","","","","",""
"Casa Esperanza Inc","Recovery Support Outpatient Services","8 Dunmore Street","","Roxbury","MA","02119","","Suffolk","617-445-1123 x1308","https://www.casaesperanza.org","42.3261197","-71.0748853","SU","","1","","","","","","","","","","","","","","","1","","","","","","","","","","","","","","1","","","","","1","1","1","","1","","","","","1","","","","","","","","1","","","","","","","","","","","","1","","1","","","1","","","","","","1","1","1","","","","","","","","","","","","1","","","","1","1","1","1","1","1","1","1","1","","1","1","1","1","1","1","1","","","","","","1","","","","1","","1","","","","","1","","1","","","","","1","1","","","","1","","","","","","","1","1","1","1","1","1","1","","1","1","1","","1","","","1","1","","1","1","","","1","","","","","1","1","","1","","1","1","1","1","1","","1","","1","1","1","1","1","1","1","","1","1","","","","","","","","","","","1","","1","1","1","","1","","","","","","","","","","","","1","","","1","1","1","1","","","","","","","","","","","","","","","","","","","","","","","","","","","","","","","","","","","","","","","","","","","","","","","","","","","","1","1","","","","1","1","","","","","1","","","1","","","","","","","","","","","","","","","","","",""
"Providence Treatment","","896 Beacon Street","Suite A","Boston","MA","02215","","Suffolk","484-445-4145","https://www.providencetreatment.com","42.3469897","-71.1055338","SU","","1","","","","","","","","","","","","","","","1","","","","","","","","","","","","","","1","","","","","1","1","1","","1","","","","","1","","","","","","1","1","1","","","","","","","","","","","","1","","1","","1","","","","","","1","","","","1","","","","","","","","","","","","","","","","","","1","","","","","1","","","1","1","","1","1","","","","","","","","","","","","","","","","","","","","","","","","","1","","","","","","","","","","","","","1","1","1","1","1","1","1","1","","1","","1","","","1","1","","1","1","","","1","","","1","","","1","1","1","","","","","","","","1","","","1","1","","1","1","","","","","","","","","","","","","","1","","","","","1","1","","","1","","1","1","1","","","","","","1","1","","1","1","","1","","","","","","","","","","","","","","","","","","","","","","","","","","","","","","","","","","","","","","","","","","","","","","","","","","","","","","","","","","","","1","","","","","","","","","","","","","","","","","","","","","","","",""
"North Suffolk Community Services","Chelsea Counseling Center","301 Broadway","","Chelsea","MA","02150","","Suffolk","866-781-6727","https://www.northsuffolk.org","42.3910401","-71.0366372","SU","","1","","","","1","","1","1","1","1","","","","","","1","","","","","","","","","","","","","","1","","","","","1","1","1","","1","","","","","1","","","","","1","","","1","","","","","","","","","","","","1","1","1","","","","","","","","1","1","1","1","1","1","","","","","","","","","","1","","","","1","1","1","1","","","","","","","","1","1","","","","","","","","","","","","","","","","1","","","","","","","","","1","1","","1","1","","","","1","","","","","","","1","1","1","1","1","","1","1","1","1","1","","1","","","","","","1","1","","","1","","","","","1","1","1","1","1","","","","1","1","","","","1","1","1","1","1","1","1","","","1","1","","1","","1","1","1","1","","","1","","1","1","1","1","","","1","1","1","1","1","1","","","","1","","1","","1","1","1","","","","","","","","","","","","","","","","","","","","","","","","","","","","","","","","","","","","","","","","","","","","","1","","","","","","","","1","","","","","1","","","1","","","1","","1","1","","","","","","","","","","","","","1","","","1","",""
"North Suffolk Community Services","Chelsea Counseling Center","301 Broadway","","Chelsea","MA","02150","","Suffolk","866-781-6727","https://www.northsuffolk.org","42.3910401","-71.0366372","MH","1","1","","","","","","","","","","","","","","","","","","","","","","","1","","","1","1","1","1","1","1","1","","1","","","","1","","","","","1","","","","","","","","","","","","","","","","","","","","","","","","","","","","","","1","1","1","1","1","","1","","","","1","","","","","","1","","","1","1","1","1","","","","","","","","","","","1","","","","","","1","","","","","","","","1","1","","","1","","","","","1","1","1","1","1","","","","1","","","","","","","","","","","","","","","","","","","","","1","1","1","1","","","","","","","","","","","","","","","","","","","","","","","","","","","","","","","","","1","","","","","","","","","","1","","1","","","","","","","","","","","","","","","","","","1","","","","","","","","","","","","","1","","","","","","","","1","1","1","1","1","1","1","1","1","1","1","1","1","","","","","","","","","","","","","","","","1","","1","","","","","","","","","1","","","","1","","","1","","1","1","","","","","","","","","","","","","1","","","1","",""
"Beth Israel Deaconess Medical Center","Department of Psychiatry Ambulatory","330 Brookline Avenue","","Boston","MA","02215","","Suffolk","617-667-4735","https://www.bidmc.org","42.3396481","-71.1050255","MH","1","1","","","","","","","","","","","","","","","","","","","","","","","1","","","1","1","1","1","","","","","1","","","","","","","","","1","","","","","","","","","","","","","","","","","","","","","","","","","","","","","","1","1","1","1","1","1","","","","","","","","","","","","1","","","","","1","1","1","1","1","1","","","","","1","1","","1","","1","1","1","1","1","","","","","","","","","","","","","1","","","","","1","","","","","","","","","","","","","","","","","","","","","","","","","","","1","","1","","","","","","","","","","","","","","","","","","","","","","","","","","","","","","","","","","","","","","","","","","","1","","","","","","","","","","","","","","","","","","","","1","","","","","","","","","","1","","1","1","1","1","1","","1","","","1","","1","1","1","1","1","1","1","1","1","1","1","","","","","","","","","1","","","","","","","1","","","","","","","","","","","","","","","","","","","","","","","","","","","","","","","","","","","","","","",""
"CASPAR House I","Mens Recovery Home","16 Highland Avenue","","Somerville","MA","02143","","Middlesex","617-623-5277 x351","https://www.baycovehumanservices.org/caspar","42.384605","-71.09332","MH","1","1","","","","","","","","","","","","","","","","","","","","1","","","","","","1","","1","1","1","1","1","","","","","","1","","","1","1","","","","","","","","","","","","","","","","","","","","","","","","","","","","","","","1","1","1","1","1","","1","1","1","","1","1","1","","","","1","","","","","1","1","1","1","1","1","1","","","","","1","1","","1","","1","","1","1","","1","1","1","1","","1","1","1","1","","1","","","","1","1","1","1","1","1","1","","1","1","","","","","","","","","","","","","","","","","","","","","1","","1","","","","","","","","","","","","","","","","","","","","","","","","","","","","","","","","","","","","","","","","","","","1","1","","","","","","","","","","","","","","","","","","","","","","","","","","","","","","","","","","","","","","","","","","","","","","","","","","","","","1","","","","","1","","","","","","","","","","","","1","","","","","","","","","","","","","1","","","","","","","","","","","","","","","","","","","","","","","",""
"CASPAR House I","","16 Highland Avenue","","Somerville","MA","02143","","Middlesex","617-623-5277","https://www.baycovehumanservices.org/caspar","42.384605","-71.09332","SU","","1","","","","","","","","","","","1","","","","1","","","","","","","","","","","","","","1","","","","","1","1","1","","1","","1","1","","","","1","","","","","","","","1","","","","","","","","","","1","","1","","","","","","","","1","1","1","1","1","1","","","","","","","","","","1","","","","","1","1","1","1","1","1","1","1","","","","1","1","1","1","1","","","","","","","","","","1","","1","","","","","1","","","","","","","1","1","","","","1","","","","","","","1","1","1","","","1","1","1","1","1","1","1","1","","","1","1","","1","1","","","1","","","1","","1","1","1","1","","","","1","1","1","","","","1","1","1","1","1","1","1","","1","1","1","","","","","","","","","","1","1","1","1","1","1","","","1","","","1","","","","","","","1","1","","1","1","1","","","1","","","","","","","","","","","","","","","","","","","","","","","","","","","","","","","","","","","","","","","","","","","","","","","","","","1","1","","","","1","","","1","","","1","","","","","1","","","","","","","","","","","1","","","","",""
"CASPAR House II","","3 Summit Avenue","","Somerville","MA","02143","","Middlesex","617-623-5277","https://www.baycovehumanservices.org/caspar","42.3838459","-71.0956259","SU","","1","","","","","","","","","","","1","","","","1","","","","","","","","","","","","","","1","","","","","1","1","1","","1","","","1","","","","1","","","","","","","","","","","","","","","","","","1","","1","","","","","","","","1","1","1","1","1","1","","","","","","","","","","1","","","","","1","1","1","1","1","1","1","1","","","","1","1","1","1","1","","","","","","","","","","1","","1","","","","","1","","","","","","","1","1","","","","1","","","","","","","1","1","1","","","1","1","1","1","1","1","1","1","","","1","1","","","1","","","1","","","1","","1","1","1","1","","","","1","1","1","","","","1","1","1","1","1","1","1","","1","1","","","","","","","","","","","1","1","","1","1","1","","","1","","","1","","","","","","","1","","","1","1","1","","","1","","","","","","","","","","","","","","","","","","","","","","","","","","","","","","","","","","","","","","","","","","","","","","","","","","1","1","","","","1","","","1","","","1","","","","","","","","","","","","","","","","1","","","","",""
"Riverside Community Care","Somerville Outpatient Center","117 Summer Street","2nd Floor","Somerville","MA","02143","2706","Middlesex","617-354-2275","https://www.riversidecc.org","42.3856897","-71.102806","MH","1","1","","","","","","","","","","","","","","","","","","","","","","","1","","","1","1","1","1","1","1","1","","1","","","","1","","","","","1","","","","","","","","","","","","","","","","","","","","","","","","","","","","","","1","1","1","","1","","","","","","","","","","","","","","","","","","1","1","1","1","1","1","","","","","1","1","","1","1","1","","1","","1","1","1","","1","","1","1","","","1","","","","","","","","1","1","1","","","1","","","","","","","","","","","","","","","","","","","","","1","1","1","1","","","","","","","","","","","","","","","","","","","","","","","","","","","","","","","","","1","","","","","","","","","","1","","1","","","","","","","","","","","","","","","","","","","","","","","","","","","","1","","1","1","1","1","1","1","1","1","1","1","","1","1","1","1","1","1","1","1","1","1","1","","1","","","","","","","1","","","","","","","1","","1","","","","","","","","","","","","","1","","","","","","","","","","","","","","","","","","","","","","","",""
"Dimock Center","Outpatient Addiction and Recovery","45 Dimock Street","","Roxbury","MA","02119","","Suffolk","617-442-8800 x1289","https://www.dimock.org","42.3202815","-71.0972241","MH","1","1","","","","","","","","","","","","","","","","","","","","","","","","","1","1","","1","1","","1","","","","","","1","","","","","1","1","","","","","","","","","","","","","","","","","","","","","","","","","","","","","","1","1","1","1","1","","","","","","","","","","","","","","","1","","1","1","1","1","","","1","","","","","1","1","","","","1","","1","","1","","1","","1","","","1","","","","","1","1","","1","1","","","","","","","1","","","","","","","","","","","","","","","","","","","","","","1","","1","","","","","","","","","","","","","","","","","","","","","","","","","","","","","","","","","","","","","","","","","","","1","1","1","","","","","","","","","","","","","","","","","","","","","","","","","","","","","","","","","","","","","","","","","","","","","","","","","","","","","","","","","","","","","","","","","","","","","","","","","1","","","","","1","","1","","","","","","","","","","","","","","","","","","","","","","","","","",""
"Dimock Center","Outpatient Addiction and Recovery","45 Dimock Street","","Roxbury","MA","02119","","Suffolk","617-442-8800 x1289","https://www.dimock.org","42.3202885","-71.0972811","SU","","1","","","","","","","1","1","1","","","","","","1","","","","","","","","","","","","","","1","","","","","1","1","1","1","","","","","","1","","","","","","1","1","1","","","","","","","","","","","","1","","","","","","","","","","1","1","1","1","1","","","","","","","","","","","","","","","1","","1","1","","","","1","1","","1","1","1","1","1","1","1","","","","","","1","","","","1","","","","","","","1","","1","","1","1","","","","","","","1","","","","","","","","1","1","","","","1","","1","1","","","1","","","1","1","","1","1","","","1","1","","","","1","1","1","1","","1","","","","","1","","","1","1","1","","1","1","1","1","","","1","1","1","","1","1","1","1","1","","1","1","1","1","","","","","1","1","","","","1","","1","","1","1","","","","","","","","","","","","","","","","","","","","","","","","","","","","","","","","","","","","","","","","","","","","","","","","","","1","","","","","","","","","1","1","1","","1","1","","","","","","","","","","","","","","","","","","","","","","","","","",""
"Dimock Center","Dimock Acute Treatment Services","41 Dimock Street","","Roxbury","MA","02119","","Suffolk","617-442-8800 x1320","https://www.dimock.org","42.3197542","-71.0965278","SU","","1","1","1","1","1","1","1","1","1","","1","","","","","1","","1","","","","","","","","","","","","1","","","","","","1","1","","1","","1","1","","","1","","1","","","","","","1","1","","","","","","","","","","1","","1","","1","","","","","","","1","1","1","","","","","","","","","","","","","","","","1","1","","1","1","1","1","1","1","","1","1","1","1","1","1","1","","","","","","1","","","","1","","1","","","","","1","","","","1","","","1","","","","","","","1","1","1","1","1","1","1","1","","","1","","1","1","","","","1","","","1","1","","1","1","","","1","","","","","","","1","1","1","","","","1","","1","1","","","","1","","","","","1","1","1","1","","1","1","1","1","1","1","","","1","","","1","1","","","","1","1","","1","","1","","","1","1","1","1","","1","1","","","1","","","","","","","","","","","","","","","","","","","","","","","","","","","","","","","","","","","","","","","","","","","1","","","","","1","1","","1","","1","1","","","1","","","","","","1","","","","","","","","","","","","","","","","","","","",""
"Judge Baker Childrens Center","Center for Effective Therapy","53 Parker Hill Avenue","","Roxbury Crossing","MA","02120","","Suffolk","617-278-4288","https://bakercenter.org","42.331001","-71.1100327","MH","1","","","","","","","","","","","","","","","","","","","","","","","","1","","","1","1","1","1","","","","","1","","","1","","","","","","1","","","","","","","","","","","","","","","","","","","","","","","","","","","","","","1","1","","","1","","","","","","","","","","","","","","1","","","","","","","","","","","","","","","1","","","1","","","1","","1","","","","","","","","","","1","","","","","","","","","1","","","","","","","","","","","","","","","","","","","","","","","","","1","1","1","","","","","","","","","","","","","","","","","","","","","","","","","","","","","","","","","","","","","","","","","","","","1","","","","","","","","","","","","","","","","","","","","","","","","","","","","","","","","","","","","","","","","","","","","","","","","","","","","","","","","","","","","","","","","","","","","","","","","","","","","","","","","","","1","","","","","","","","","","","","","","","","","","","","","","","","","",""
"Cambridge Eating Disorder Center","(CEDC)","3 Bow Street","","Cambridge","MA","02138","","Middlesex","617-547-2255","https://www.eatingdisordercenter.org","42.3719993","-71.1159555","MH","1","","","","","","","","","","","","","","","","","","","","","","","","","","1","1","1","1","1","1","","1","","1","","","","1","","","1","1","1","","","","","","","","","","","","","","","","","","","","","","","","","","","","","","1","","","1","1","","","","","","","","","","","","","","","","","","","","","","","1","","","","","","","","","","","","","","1","1","1","1","1","","","","1","","","","","","","","","","","","","","","","","","","","","","","","","","","","","","","","","","","","1","1","1","1","","","","","","","","","","","","","","","","","","","","","","","","","","","","","","","","","","","","","","","","","","1","","","1","","","","","","","","","","","","","","","","","","","","","","","","","","","","","","","","","","","","","","","","","","","","","","","","","","","","","","","","","","","","","","","","","","","","","1","","","","","","","","","","","","","1","","","","","","","","","","","","","","","","","","","","","","","",""
"Dimock Center","Askia Academy at Dimock","9 Notre Dame Street","","Boston","MA","02119","","Suffolk","617-442-8800","https://www.Dimock.org","42.3189224","-71.0967851","SU","","1","","","","1","","1","1","1","1","","","","","","1","","","","","","","","","","","","","","1","","","","","1","1","1","1","","","","1","","1","1","1","","","1","1","1","1","","","","","","","","","","","","1","","","","","","","","","","1","1","1","1","1","","","","","","","","","","","","","","","1","","1","1","","","","1","1","","1","1","1","1","1","1","1","","","","","","","","","","1","","","","","","","1","","1","","1","1","","1","","","","","1","","","","","","","","1","1","","","","1","","1","1","","","1","","","1","1","","","1","","","1","1","","","","1","1","1","1","","1","","","1","1","1","","","1","1","1","","1","1","1","1","","1","1","1","1","","1","1","","","1","","1","","1","1","1","1","","","1","","","","","1","","1","","1","1","","1","1","1","","1","","","1","1","","","","","","","","","","","","","","","","","","","","","","","","","","","","","","","","","","","","","","","","1","","","","","","","","","1","1","1","","1","1","","","","","","","","","","","","","","","","","","","","","","","","","",""
"Dimock Center","Askia Academy at Dimock","9 Notre Dame Street","","Boston","MA","02119","","Suffolk","617-442-8800","https://www.Dimock.org","42.3189224","-71.0967851","MH","1","1","","","","","","","","","","","","","","","","","","","","","","","","","1","1","","1","1","","1","","","","","","1","","","","","1","1","","","","","","","","","","","","","","","","","","","","","","","","","","","","","","","1","1","1","1","","","","","","","","","","","","","","","1","1","1","1","1","1","","1","1","","","","","1","1","","","","1","","1","","1","","1","","1","","","1","","","","","1","","","1","1","","","","","","","1","","","","","","","","","","","","","","","","","","","","","","1","","1","","","","","","","","","","","","","","","","","","","","","","","","","","","","","","","","","","","","","","","","","","","1","","1","","","","","","","","","","","","","","","","","","","","","","","","","","","","","","","1","","","","","","1","","1","","","","","","","1","1","","","1","","","","","","","1","","","","","","","","","","1","","","","","","1","","","","","1","","1","","","","","1","","","","","","","","","","","","","","","","1","","","","",""
"Healthcare Resource Centers","","175 Crescent Avenue","","Chelsea","MA","02150","","Suffolk","617-889-8779","https://www.hcrcenters.com/health-care-resource-centers-chelsea/","42.396243","-71.0232651","SU","","1","1","1","1","","","","","","","1","","","","","","","1","","","","","","","","","","","","1","","","","","1","1","","1","","","","","","1","","","","1","1","","","1","","","","","","","","","","","","1","","1","","","1","","","","","1","1","1","1","1","1","","","","","","","","","","1","","","","1","1","","","","","","","","","1","1","1","","","","","","","","","","","","","","1","","","","","","","1","","","","","","","1","1","","","","1","","","","","","1","","1","1","","","","","1","1","1","","","1","","","1","1","","1","1","","","1","","","1","","","1","1","1","","","","","1","1","","1","","","1","1","","1","1","1","","","1","1","","","1","","","","","","1","","","","","","","1","","","","","","","","","","","","","1","","1","1","","","1","","","","","","","","","","","","","","","","","","","","","","","","","","","","","","","","","","","","","","","","","","","","","","","","1","1","","","1","1","","","","1","","","1","","1","1","","","","1","","","","","","","","","","","","","","","",""
"HRI Hospital","","227 Babcock Street","","Brookline","MA","02446","","Norfolk","617-731-3200","https://hrihospital.com","42.3507761","-71.1212243","MH","1","1","","","","","","","","","","","","","","","","","","1","","","","","","","","1","","1","1","1","1","1","","","","","1","","","1","","1","1","","","","","","","","","","","","","","","","","","","","","","","","","","","","","","1","1","1","","1","1","","","","","","","","","","","","","","","","1","1","","","","","","","","","","","","","","","1","","","","1","","","1","1","","1","1","1","1","1","1","","","","1","1","1","1","1","","","","1","","","","","","","","","","","","","","","","","","","","","","1","","1","","","","","","","","","","","","","","","","","","","","1","","","","","","","","","","1","","","","","","","","","","","","1","","","1","","","","","","","","","","","","","","","","","","1","","","","","","","","","","1","","1","1","1","1","","","","","","1","","","","1","","1","1","","1","1","1","1","","","","","","","","","","","","","","","","1","","1","","","","","","","","","1","","1","","","","","","","","","","","","","","","","","","","","","","","","","",""
"Eliot Community Human Services","Eliot Centet/Everett","173 Chelsea Street","","Everett","MA","02149","","Middlesex","781-388-6200","https://www.eliotchs.org","42.40395","-71.0488018","SU","","1","","","","1","","1","1","1","1","","","","","","1","","","","","","","","","","","","","","1","","","","","1","1","1","","1","","","","","1","","","","","1","","","1","","","","","","","","","","","","1","1","1","","","","","","","","1","1","1","1","1","1","","","","","","","","","","1","","","1","","1","1","1","1","1","1","1","1","1","","1","1","1","1","1","1","","","","","","1","","","","1","","1","","","","","1","","","","1","1","","1","1","","","","1","","","","","","","1","1","1","1","1","1","1","1","1","1","","","1","","","","","","1","1","1","","1","","","1","","1","1","1","1","1","1","1","1","1","1","1","1","","1","1","1","1","1","1","1","1","1","1","1","","1","","1","","1","1","","","1","","1","1","1","1","","","1","1","1","1","1","1","","","1","1","1","1","1","1","1","1","1","","1","","","","","","","","","","","","","","","","","","","","","","","","","","","","","","","","","","","","","","","","","","1","","","","","","","","1","","1","1","","1","","","1","","","1","","1","1","","","","","","","","","","1","","","","","","1","",""
"Eliot Community Human Services","Eliot Center/Everett","173 Chelsea Street","","Everett","MA","02149","","Middlesex","781-388-6200","https://www.eliotchs.org","42.40395","-71.0488018","MH","1","1","","","","","","","","","","","","","","","","","","","","","","","1","","","1","1","1","1","1","1","1","","1","","","","1","","","","","1","","","","","","","","","","","","","","","","","","","","","","","","","","","","","","1","1","1","1","1","","1","1","1","1","1","1","","1","","","","","1","","1","1","1","1","1","1","1","1","","","","","1","1","","1","1","1","","1","1","1","1","","1","1","","1","1","1","","1","1","","","","","1","1","1","1","1","","","1","1","","","","","","","","","","","","","","","","","","","","1","1","1","1","","","","","","","","","","","","","","","","","","","","","","","","","","","","","","","","","","","","","","","","","","","1","","1","","","","","","","","","","","","","","","","","","1","","","","","","","","","","1","1","1","1","1","1","1","1","1","1","1","1","","1","1","1","1","1","1","1","1","1","1","1","","1","","","","","","","1","1","","","","","","1","","1","","","","","","","","","1","","","","1","","","1","","1","1","","","","","","","","","","1","","","1","","","1","",""
"Adolescent Substance Use and Addiction","Boston Childrens Hospital","2 Brookline Place","","Brookline","MA","02445","","Norfolk","617-355-2727","https://www.childrenshospital.org/asap","42.3322788","-71.1161373","SU","","1","","","","1","","","1","1","","","","","","","","","","","","","","","","","","","","","1","","","","","1","1","1","1","","","","","","1","","","","","1","","","1","","","","","","","","","","","","1","","1","1","1","","1","","","","1","1","1","1","1","1","","","","","","","","","","1","","","1","","1","","1","","","","1","","1","","","","","","","","","","","","","1","","","","","","","","","","","","","1","","1","1","","1","1","","","","1","","","","","","","","1","1","1","","","1","1","1","1","","","1","","","1","1","","1","1","","","1","1","","","","1","1","1","1","","","","","1","1","","","","1","1","1","","1","1","","","1","1","","","1","","1","1","1","1","1","","1","","1","","","","","","1","1","1","1","1","1","","","1","1","","1","","1","","","","","","1","1","","","","","","","","","","","","","","","","","","","","","","","","","","","","","","","","","","","","","","","","1","","1","","","","1","","","1","","1","","","1","","","","","","","","","","","","","","","","","","","","","","","","","",""
"Adolescent Substance Use and Addiction","Boston Childrens Hospital","2 Brookline Place","","Brookline","MA","02445","","Norfolk","617-355-2727","https://www.childrenshospital.org/asap","42.3322788","-71.1161373","MH","1","1","","","","","","","","","","","","","","","","","","","","","","","","","","1","1","1","1","","1","","","1","","","1","","","","","","1","","","","","","","","","","","","","","","","","","","","","","","","","","","","","","1","1","1","1","1","1","","","","","","","","","","","1","","1","","","","1","","","","","","","","","","","1","","","1","1","","","","1","","","","1","1","","1","","1","1","","1","1","","1","1","","1","1","","","","1","","","","","","","","","","","","","","","","","","","","","1","1","1","","","","","","","","","","","","","","","","","","","","","","","","","","","","","","","","","","","","","","","","","","","","1","","1","","","","","","","","","","","","","","","","","","1","","","","","","","","","","","","","","","","","","","","","","","","","","","","","","","","","","","","","","","","","","","","","","","","","","","","","","","","","","","","1","","1","","","","","","","","","","","","","","","","","","","","","","","","","",""
"New Day","","242 Highland Avenue","","Somerville","MA","02143","","Middlesex","617-628-8188","https://www.baycove.org","42.3907461","-71.1096972","SU","","1","","","","","","","","","","","1","","","","1","","","","","","","","","","","","","","1","","","","","1","1","1","","1","","","1","","","","1","","","","","","","","","","","","","","","","","","1","","1","","","","","","","","1","1","1","1","1","1","","","","","","","","","","1","","","","","1","1","1","1","1","1","1","1","","1","1","1","1","1","1","1","","","","","","","","","","1","","1","","","","","1","","","","","","","1","1","","","","1","","","","","","","1","1","1","","","1","1","1","1","1","1","1","1","","","1","1","","1","1","","","1","","","1","","1","1","1","1","","","","1","1","1","","","","1","1","1","1","1","1","1","","1","1","1","","","","","","","","","","1","1","1","1","1","1","","","1","","","1","","","","","","","1","1","","1","1","1","","","1","","","","","","","","","","","","","","","","","","","","","","","","","","","","","","","","","","","","","","","","","","","","","","","","","","1","1","","","","1","","","1","","","1","","","","","","","","","","","","","","","","1","","","","",""
"New Day","","242 Highland Avenue","","Somerville","MA","02143","","Middlesex","617-628-8188","https://www.baycove.org","42.3907461","-71.1096972","MH","1","1","","","","","","","","","","","","","","","","","","","","1","","","","","","1","","1","1","1","1","1","","","","","","1","","","1","1","","","","","","","","","","","","","","","","","","","","","","","","","","","","","","","1","1","1","1","1","","1","1","1","","1","1","1","","","","1","","","","","1","1","1","1","1","1","1","","","","","1","1","","1","","1","","1","1","","1","1","1","1","","1","1","1","1","","1","","","","1","1","1","1","1","1","1","","1","1","","","","","","","","","","","","","","","","","","","","","1","","1","","","","","","","","","","","","","","","","","","","","","","","","","","","","","","","","","","","","","","","","","","","1","1","1","","","","","","","","","","","","","","","","","","","","","","","","","","","","","","","","","","","","","","","","","","","","","","","","","","","","1","","","","","1","","","","","","","","","","","","1","","","","","","","","","","","","","1","","","","","","","","","","","","","","","","","","","","","","","",""
"Hanton House","Co Occurring Enhanced (COE)","69 Clinton Street","","Chelsea","MA","02150","","Suffolk","866-781-6727","https://northsuffolk.org/addiction-services","42.4017142","-71.0160974","MH","1","1","","","","","","","","","","","","","","","","","","","","1","","","","","","","","1","1","1","1","1","","","","","","1","","","1","","","","","","","","","","","","","","","","","","","","","","","","","","","","","","","","1","1","1","1","1","","1","","","","","","","","","","","","1","1","1","1","1","","","","","","","","","","","1","","","","1","","1","","","","","","1","","1","1","","","","1","","","1","1","","1","1","1","","","","1","","","","","","","","","","","","","","","","","","","","","","1","","1","","","","","","","","","","","","","","","","","","","","","","","","","","","","","","","","","1","","","","","","","","","","1","","1","","","","","","","","","","","","","","","","","","","","","","","","","","","","","","","","","","","","","","","","","","","","","","","","","","","","","","","","","","","","","","","","","","","","","1","","","","","","","","","","","","","1","","","1","","","","","","","","","1","","","","","","","","","","","",""
"Hanton House","Co Occurring Enhanced (COE)","69 Clinton Street","","Chelsea","MA","02150","","Suffolk","866-781-6727","https://northsuffolk.org/addiction-services","42.4017142","-71.0160974","SU","","1","","","","","","","","","","","","","","","1","","","","","","","","","","","","","","1","","","","","1","1","1","","1","","","1","","","","1","","","","","","","","","","","","","","","","","","1","","1","","","","","","","","1","1","1","1","1","","","","","","","","","","","1","","","1","1","1","1","1","","","","1","","","","1","1","","1","1","","","","","","","","","","","1","","1","","","","","1","","","","","","","1","1","","","","1","","","","","","","1","1","1","","","","1","1","1","1","","","1","","","1","1","","1","1","","","1","","","","","1","1","1","1","","","","","1","1","","","","1","","1","","1","1","1","","1","1","1","","","","","","","","","","1","","1","1","1","1","","","1","","1","1","1","","","","","","1","1","","1","1","1","","","","","","","","","","","","","","","","","","","","","","","","","","","","","","","","","","","","","","","","","","","","","","","","","","","","","","","","","","1","","","1","","","1","","","","","","","","","1","","","","","","","","","","","",""
"Arbour Hospital","Dual Diagnosis Treatment","49 Robinwood Avenue","","Jamaica Plain","MA","02130","","Suffolk","617-522-4400","https://arbourhospital.com","42.3157847","-71.112278","MH","1","1","","","","","","","","","","","","","","","","","","1","","","","","","","","1","","1","1","1","1","1","","","","","1","","","1","","","","","","","","","","","","","","","","","","","","","","","","","","","","","","","","","1","1","1","","1","1","","","","","","","","","","","","1","","","","1","1","","","","","","","","","","","","","","1","","","","","","","","","1","","1","1","1","","","","","","","1","1","","1","1","","","","1","","","","","","","","","","","","","","","","","","","","","1","1","1","1","","","","","","","","","","","","","","","","","","","","1","","","","","","","","","","","","","1","","","","","","","","","1","","","1","","","","","","","","","","","","","","","","","","1","","","","","","","","","","1","","","1","1","1","","","","","","1","","","","1","","1","1","","","1","1","1","","","","","1","","","","","","","","","","","1","","1","","","","","","","1","1","1","","1","","","","","","","","","","","","","","","","","","","","","","","","","",""
"Arbour Hospital","Dual Diagnosis Treatment","49 Robinwood Avenue","","Jamaica Plain","MA","02130","","Suffolk","617-522-4400","https://arbourhospital.com","42.3157847","-71.112278","SU","","1","1","","","1","1","1","1","1","1","","","","","","","","","","","","","","","","","","","","1","","","","","","1","","1","","","1","","","","","","","","","","","","1","1","","","1","","","","","","","1","1","1","1","1","","","","","","1","1","1","","1","1","","","","","","","","","","","","","","","1","","1","","","","","","","","","","","","","","","","","","","","","","","1","","","","","","","","","","","1","1","","1","1","","","","1","","1","1","1","1","1","","","1","","","","","","1","1","","","1","","1","","","","1","1","","","1","","","","","1","1","1","1","1","","","","","","1","","","1","","1","","1","1","","1","","","1","","1","","1","1","1","1","","1","","","1","","","","","","","1","1","1","1","1","1","1","","1","","","1","1","1","1","1","1","","","","","","","","","","","","","","","","","","","","","","","","","","","","","","","","","","","","","","","","","","","1","","1","","","","","","","1","1","1","","","1","","","","","","1","","","","","","","","","","","","","","","","","","","",""
"Community Clinic","Programs Inc","1304 Commonwealth Avenue","Suite B","Allston","MA","02134","","Suffolk","617-482-5292","https://www.communityclinicma.org","42.348368","-71.134129","MH","1","1","","","","","","","","","","","","","","","","","","","","","","","1","","","1","1","1","1","1","1","1","","1","","","","1","","","","","1","","","","","","","","","","","","","","","","","","","","","","","","","","","","","","1","1","","1","1","","1","","","","1","","","","","","","","","","1","1","","","","","1","","","","","","","","","","1","","","","","","","","","","","","1","","1","1","","","","","","","1","1","1","","","","1","","","","","","","","","","","","","","","","","","","","","1","1","1","1","","","","","","","","","","","","","","","","","","","","","","","","","","","","","","","","","","","","","","","","","","","1","","1","","","","","","","","","","","","","","","","","","","","","","","","","","","","","","","","","","","","","","","","","","","","","","","","","","","","","","","","","","","","","","","","","","","","","1","","","","","","","","","","","","","1","","","1","","","","","","","","1","","","","","","","","1","","","","",""
"Community Clinic","Programs Inc","1304 Commonwealth Avenue","Suite B","Allston","MA","02134","","Suffolk","617-482-5292","https://www.communityclinicma.org","42.348368","-71.134129","SU","","1","","","","","","","","","","","","","","","1","","","","","","","","","","","","","","1","","","","","1","1","1","","1","","","","","1","","","","","","","","1","","","","","","","","","","","","1","","1","","","1","","","","","1","1","","1","1","","","","","","","","","","","1","","","","","","1","","","","","","","","","","","","","","","","","","","","","","","","","","","","","","","","","","","","","","1","1","","","","1","","","","","","","1","1","1","1","1","","1","","1","1","","","1","","","","","","1","1","","","1","","","","","1","1","","1","","","1","","1","1","","","","1","","1","","1","1","1","","","1","1","","","","","","","","","","1","","1","","1","1","","","1","","1","1","1","","","","","","","","","1","1","","1","","","","","","","","","","","","","","","","","","","","","","","","","","","","","","","","","","","","","","","","","","","","","","","","","","","","","","","","","1","","","1","","","","","","","","","","","","","","","","","","","","","","","",""
"Arbour Counseling Services","Jamaica Plain","157 Green Street","","Jamaica Plain","MA","02130","","Suffolk","617-390-1498","https://arbourhospital.com","42.3101407","-71.1067176","SU","","1","","","","1","","1","1","1","","","","","","","","","","","","","","","","","","","","","1","","","","","1","1","1","1","","","","","","1","","","","","1","1","1","1","","","","","1","","","","","","","1","1","1","1","1","","","","","","1","1","1","","1","1","","","","","","","","","","","","","","","","1","1","","","","","","","","","","","","","","","","","","","","","","","1","","1","","","","","","","","","1","1","","1","","","","","1","","","","","","","1","1","1","","1","","1","","1","1","","","1","","","1","1","","1","1","","","1","","","1","","1","1","1","1","","","","","1","","","","","1","1","1","","1","1","","","1","1","","","1","","1","1","1","1","","1","","","1","","","","","","","1","1","1","1","1","","","","1","","1","","1","1","1","","","","","","","","","","","","","","","","","","","","","","","","","","","","","","","","","","","","","","","","","","","","","1","","","","","","","","","","","","","1","1","","","","","","","","","","","","","","","","","","","","","","","","","",""
"Arbour Counseling Services","Jamaica Plain","157 Green Street","","Jamaica Plain","MA","02130","","Suffolk","617-390-1498","https://arbourhospital.com","42.3101407","-71.1067176","MH","1","1","","","","","","","","","","","","","","","","","","","","","","","1","","","1","1","1","1","1","1","1","","1","","","1","","","","","1","1","","","","","","","","","","","","","","","","","","","","","","","","","","","","","","1","1","1","","1","1","","","","","","","","","","","","1","","","","1","1","","","","","","","","","","","","","","1","1","","","","","","1","","1","1","1","1","","","1","","1","","","1","1","","1","1","","","","1","","","","","","","","","","","","","","","","","","","","","1","1","1","1","","","","","","","","","","","","","","","","","","","","","","","","","","","","","","","","","","","","","","","","","","1","","","1","","","","","","","","","","","","","","","","","","1","","","","","","","","","","1","","","1","1","1","","","","","","1","","","","","","1","1","","","1","1","1","","","","","","","","","","","","","","","","1","","1","","","","","","","","","1","","1","","","","","","","","","","","","","","","","","","","","","","","","","",""
"WomanPlace","","11 Russell Street","","Cambridge","MA","02140","","Middlesex","617-661-6020","https://www.baycove.org","42.3924834","-71.1232165","SU","","1","","","","","","","","","","","1","","","","1","","","","","","","","","","","","","","1","","","","","1","1","1","","1","","","1","","","","1","","","","","","","","","","","","","","","","","","1","","1","","","","","","","","1","1","1","1","1","1","","","","","","","","","","1","","","","","1","1","1","1","1","1","1","1","","1","1","","1","1","1","1","","","","","","","","","","1","","1","","","","","1","","","","","","","1","1","","","","1","","","","","","","1","1","1","","","1","1","1","1","1","1","1","1","","","1","1","","1","","","","1","","","1","","1","1","1","1","","","","1","1","1","","","","1","1","1","1","1","1","1","","1","1","1","","","","","","","","","","1","1","","1","1","1","","","1","","","1","","","","","","","1","1","","1","1","1","","","1","","","","","","","","","","","","","","","","","","","","","","","","","","","","","","","","","","","","","","","","","","","","","","","","","","1","1","","","","1","","","1","","","1","","","","","","","","","","","","","","","","1","","","","",""
"Brighton Allston Mental Health Assoc","A Program of Italian Home for Children","77 Warren Street","Building 2, Ground Level","Brighton","MA","02135","3601","Suffolk","617-787-1901 x0","https://www.italianhome.org","42.3484365","-71.1423915","MH","1","","","","","","","","","","","","","","","","","","","","","","","","1","","","1","1","1","1","1","","1","","1","","","1","","","","","","1","","","","","","","","","","","","","","","","","","","","","","","","","","","","","","1","1","1","1","1","1","","","","","","","","","1","","1","","","","1","","","1","","","","1","","","","","","1","","","","1","","","","1","","","","1","","","","","","1","","","","","","","","","","","","","","","","","","","","","","","","","","","","","","","","","","1","1","1","1","","","","","","","","","","","","","","","","","","","","","","","","","","","","","","","","","","","","","","","","","","","1","","1","","","","","","","","","","","","","","","","","","","","","","","","","","","","","","","","","","","","","","","","","","","","","","","","","","","","","1","","","","","","","","","","","","","","","","1","","","","","","","","","","","1","","","","","1","","1","1","1","","","1","","","","","","","","","","","","","",""
"North Suffolk Community Services","Revere Counseling Center","265 Beach Street","","Revere","MA","02151","","Suffolk","866-781-6727","https://northsuffolk.org/","42.4090179","-71.0069045","MH","1","","","","","","","","","","","","","","","","","","","","","","","","1","","","1","1","1","1","1","1","1","","1","","","","1","","","","","1","","","","","","","","","","","","","","","","","","","","","","","","","","","","","","1","1","1","1","1","","1","","","","","","","","","","1","","","1","","","","","","","","","","","","","","","","","","","","","","","","","","","","1","1","","","1","","","","","1","1","1","1","1","","","","1","","","","","","","","","","","","","","","","","","","","","1","1","1","1","","","","","","","","","","","","","","","","","","","","","","","","","","","","","","","","","1","","","","","","","","","","1","","1","","","","","","","","","","","","","","","","","","1","","","","","","","","","","","","","","","","","","","","","","","","","","","","","","","","","","","","","","","","","","","","","","","","","","","1","","","","","","","","","1","","","","1","","","","","","","","","","","","","","","","","","","","","","","",""
"Healthcare Resource Centers","","170 Morton Street","","Jamaica Plain","MA","02130","","Suffolk","617-541-3670","https://www.hcrcenters.com","42.2992996","-71.1014473","SU","","1","","1","","","","","","","","1","","","","","","","1","","","","","","","","","","","","1","","","","","1","1","","1","","","","","","1","","","","","1","","","1","","","","1","","","","","","","","1","","1","","","1","","","","","1","1","1","1","1","1","","","","","","","","","","1","","","1","1","1","1","1","1","1","1","1","1","","1","1","1","1","1","1","1","","","","","","1","","","","1","","","","","","","1","","","","","","","1","1","","","","1","","","","","","","","1","1","","","","","","1","1","1","","1","","","1","1","","1","1","","","1","","","1","","","1","1","1","","","","","1","1","1","","","","","1","1","1","1","1","","","1","1","","","1","","","","","","1","","1","","","","","1","","","","","","","","","","","","1","1","","1","1","","","","","","","","","","","","","","","","","","","","","","","","","","","","","","","","","","","","","","","","","","","","","","","","","","","1","1","","1","","","1","","","","","1","1","","","","","","","","","","","","","","","","","","","","","","",""
"Fathers Uplift Family Group LLC","","12 Southern Avenue","","Dorchester Center","MA","02124","","Suffolk","617-708-0870","https://www.fathersuplift.org","42.2906896","-71.0721581","MH","1","1","","","","","","","","","","","","","","","","","","","","","","","","","1","1","1","1","1","","","","","","","","","1","","","","","1","","","","","","","","","","","","","","","","","","","","","","","","","","","","","","","","1","1","","","","","","","","","","","","","","","1","","","","","","","","","","","","","","","","","","1","","","1","","","","","","1","","1","","","","","","","","","","","","","","","","","","","","","","","","","","","","","","","","","","","","","","1","1","1","1","","","","","","","","","","","","","","","","","","","","","","","","","","","","","","","","","","","","","","","","","","1","","","1","","","","","","","","","","","","","","","","","","","","","","","","","","","","","","","","","","","","","","","","","","","","","","","","","","","","","","","","","1","","","","","","","","","","","","","","","","","","","","","","","1","","","","","","","","","","","","","","","","","","","","","","","","","",""
"Fathers Uplift Family Group LLC","","12 Southern Avenue","","Dorchester Center","MA","02124","","Suffolk","617-708-0870","https://www.fathersuplift.org","42.2906896","-71.0721581","SU","","1","","","","","","","","","","","","1","","","","","","","","","","","","","","","","","1","","","","","1","1","1","","1","","","","","1","","","","","","","1","1","","","","","","","","","","","","1","","1","","","1","","","","","1","","1","","1","","","","","","","","","","","","","","1","","","","1","1","","","1","","1","","1","","1","1","1","1","","","","","","1","","","","1","","1","","","","","1","","","","","","","1","","","","","","","","","","","","","1","1","1","1","1","","","1","1","","","1","","","","","","1","1","","","1","","","","","1","1","","1","","","","1","","","","1","","1","1","1","1","1","1","1","","","","","","","","","","","","","1","","","1","","","","","1","","","","","","","","","","","","","","","1","1","1","","1","","","","","","","","","","","","","","","","","","","","","","","","","","","","","","","","","","","","","","","","","","","","","","","","","","","","","","","1","1","","","","","","","","","","","","","","","","","","","","","","","","","",""
"Victory Programs Inc","Living and Recovery Community","170 Morton Street","11 North","Jamaica Plain","MA","02130","","Suffolk","617-522-2936 x424","https://www.vpi.org","42.30041","-71.105673","SU","","1","","","","","","","","","","","1","","","","1","","","","","","","","","","","","","","1","","","","","","1","1","","1","","","1","","","","1","","","","","","","","","","1","","","","","","","","1","","1","","","","","","","","","1","","1","","","","","","","","","","","","","","","","1","","","1","1","","","1","1","","","1","1","1","1","1","1","","","","","","","","","","1","","1","","","","","1","","","","","","","1","","","","","1","","","","","","","","1","1","","","1","","","1","1","1","","1","","","1","1","","1","1","","","1","","","","","","1","","1","","","1","1","1","1","1","","","","","1","1","","1","1","1","1","1","1","","","","","","","","","","1","","","","1","1","","","1","","1","1","1","","","1","","","1","","","1","1","1","","","1","","","","","","","","","","","","","","","","","","","","","","","","","","","","","","","","","","","","","","","","","","","","","","","","","","","","1","1","","","1","","","","","","","","","","","","","","","","","","","","","","","","","",""
"Boston Medical Center/Brighton","BMC BCAP","736 Cambridge Street","","Brighton","MA","02135","","Suffolk","617-789-3000 x2574","https://www.bmchealthsystem.org/bmc-south/departments","42.3491203","-71.1483793","SU","","1","1","1","1","1","1","1","1","1","1","1","","","","","","","1","","","","","","","","","","","","","","","","","1","1","1","1","","","1","","","1","","","","","1","","1","1","1","","","1","","","","","","","","1","1","1","","1","","","","","","1","1","1","","1","1","","","","","","","","","","","","","","","1","","1","1","1","","1","1","","1","1","1","1","1","1","1","","","","","","","","","","1","","1","","","","","1","","1","","1","1","","1","1","","","","1","","1","1","1","1","1","1","1","1","1","","","","","1","","","","1","","","1","1","","1","1","","","1","1","","","","","1","1","1","1","1","","","1","1","1","","","1","","1","1","1","1","1","1","","1","1","","1","1","1","1","1","1","1","","1","","","","","","","","","1","","","","1","1","1","1","1","1","1","1","1","1","","","1","","1","1","","","","","","","","","","","","","","","","","","","","","","","","","","","","","","","","","","","","","","","","1","","","","","1","1","","","1","1","1","","","1","","","","","","1","","","","","","","","","","","","","","","","","","","",""
"North Charles Institute for the Addict","Counseling and Administrative Offices","2500 Massachusetts Avenue","","Cambridge","MA","02140","","Middlesex","617-661-5700","https://www.northcharles.org","42.3989591","-71.1325722","SU","","1","1","1","1","","","","","","","1","","","","","","","1","","","","","","","","","","","","1","","","","","1","1","1","1","","","","","","1","","","","1","1","","","1","","","","","","","","","","","","1","","1","","","1","","","","","1","1","1","","1","","","","","","","","","","","1","","","1","1","","","","","","","","","","","","1","","","","","","","","","","","","","","1","","","","","","","","","1","","","","","1","1","","","","1","","","","","","1","","1","1","1","1","","","1","1","","1","","1","","","1","1","","1","1","","","1","","","1","","","1","1","1","","","","","1","1","","","","1","","1","","1","1","1","","","1","1","","","1","","","","","","","1","","1","","","","","","1","","1","1","1","","","","","","","1","","1","1","","","","","","","","","","","","","","","","","","","","","","","","","","","","","","","","","","","","","","","","","","","","","","","","","","","1","","","1","1","1","1","","","1","","","1","","","1","","","","","","","","","","","","","","","","","","","",""
"Elm Tree Clinic","","390 Pleasant Street","Suite A","Malden","MA","02148","","Middlesex","833-356-8733","https://elmtreeclinic.com","42.4267209","-71.0784324","MH","1","1","","","","","","","","","","","","","","","","","","","","","","","1","","","1","","","","","1","","","1","","","","1","","","","","1","","","","","","","","","","","","","","","","","","","","","","","","","","","","","","1","1","1","1","1","1","","","","","","","","","","","","","","","","","1","","","","","","","","","","","","","","","","","","","","","","","","","","","","","","","","","","","","","","","","","","","","","","","","","","","","","","","","","","","","","","","","1","","1","","","","","","","","","","","","","","","","","","","","","","","","","","","","","","","","","","","","","","","","","","1","","","","","","","","","","","","","","","","","","","","","","","","","","","","","","","","","","","","","","","","","","","","","","","","","","","","","","","","","","","","","","","","","","","","","","1","","","","","","1","","","","","","","","","1","","","","","","","","","","","","","","","","","","","","","","","",""
"Elm Tree Clinic","","390 Pleasant Street","Suite A","Malden","MA","02148","","Middlesex","833-356-8733","https://elmtreeclinic.com","42.4267209","-71.0784324","SU","","1","","","","1","","","1","1","","","","","","","","","","","","","","","","","","","","","","","","","","1","1","","","1","","","","","1","","","","","1","","","1","","","","","","","","","","","","","","1","","","","","","","","1","1","1","1","1","1","","","","","","","","","","","","","","","","","","","","","","","","","","","","","","","","","","","","","","","","","","","","","","","","","","","","","","","","","","","1","","","","","","","","1","","","","","","","","","","","","","","1","1","","1","1","","","1","","","","","1","1","1","1","","","","","","","","","","1","1","1","","","1","","","","","","","1","","1","1","1","1","","1","","","1","","","","","","","1","1","","1","","","","","","","","","","","","","","","","","","","","","","","","","","","","","","","","","","","","","","","","","","","","","","","","","","","","","","","","1","","","","","","","","","","","","","","","","1","","","1","","","1","","","","","","","","","","","","","","1","","","",""
"Brigham and Womens Faulkner Hospital","","1153 Centre Street","","Jamaica Plain","MA","02130","","Suffolk","617-983-7474","https://www.brighamandwomensfaulkner.org/programs-and-services/addiction-recovery-program/default","42.3014851","-71.1282337","MH","1","1","","","","","","","","","","","","","","","","","","","","","","","","","","1","","1","1","1","1","","1","1","","","1","","","1","","1","1","","","","","","","","","","","","","","","","","","","","","","","","","","","","","","1","1","1","1","1","","1","","","","","","","","","","","1","","","","","1","","","","","","","","","","","","","","","","","","","","","","","","","","1","1","","1","","","","","1","1","","1","1","","","","1","","","","","","","","","","","","","","","","","","","","","","1","","1","","","","","","","","","","","","","","","","","","","","","","","","","","","","","","","","","","","","","","","","","","","1","","1","","","","","","","","","","","","","","","","","","1","","","","","","","","","","1","","1","1","1","1","1","","1","","","1","1","1","1","1","","1","1","","1","1","1","1","","1","1","","1","","","","","","","","","","","1","","","","","","","","","","","1","","1","","","","","","","","","","","","","","","","","","","","","","","","","",""
"Brigham and Womens Faulkner Hospital","","1153 Centre Street","","Jamaica Plain","MA","02130","","Suffolk","617-983-7474","https://www.brighamandwomensfaulkner.org/programs-and-services/addiction-recovery-program/default","42.3014851","-71.1282337","SU","","1","1","","","1","1","1","1","1","1","","","","","","1","","","","","","","","","","","","","","1","","","","","1","1","1","1","","","1","","","1","","","","1","1","1","","1","1","","","1","","","","","","","","1","1","1","1","1","","","","","","1","1","1","1","1","1","","","","","","","","","","","","","","","1","","1","","","","","","","","","","","","","","","","","","","","","","","","","","","","","","","","","","1","1","","1","1","","","","1","","1","1","","","1","1","1","1","","","1","1","","1","","","","1","","","1","1","","1","1","","","1","1","","1","","1","1","1","1","1","","","","","","1","1","","1","1","1","1","1","1","","1","1","","1","","1","","1","1","1","1","1","","1","","1","","","1","","","","1","","","","1","","","1","1","","","1","1","1","","","1","","1","1","","","","","","","","","","","","","","","","","","","","","","","","","","","","","","","","","","","","","","","","1","","","","","","","","","1","1","1","","1","1","","","","","","1","","","","","","","","","","","","","","","","","","","",""
"Community Services Institute","","1100 Washington Street","Suite 206","Dorchester Center","MA","02124","","Suffolk","617-325-2993 x217","https://www.communityserv.com","42.273887","-71.06976","MH","1","","","","","","","","","","","","","","","","","","","","","","","","1","","","1","1","1","1","1","","1","","1","","","1","","","","","","1","","","","","","","","","","","","","","","","","","","","","","","","","","","","","","1","1","1","1","1","1","","","","","","","","","","","","","1","","1","1","1","1","1","1","1","1","","","","","1","1","","","1","1","","1","","1","","","","","","","1","","","1","","","","","","","","1","1","","","","1","","","","","","","","","","","","","","","","","","","","","1","1","1","1","","","","","","","","","","","","","","","","","","","","","","","","","","","","","","","","","","","","","","","","","","1","","","1","","","","","","","","","","","","","","","","","","","","","","","","","","","","","","","","","","","","","","","","","","","","","","","","","","","","","","","","","","","","","","","","","","","","","1","","","","","","","","","","","1","","","","","1","","","1","","1","","","","","","","1","","","","","","","","",""
"Boston Public Health Commission","Entre Familia","209 River Street","Building E","Mattapan","MA","02126","","Suffolk","617-534-2922","https://www.bphc.org","42.2720646","-71.078907","SU","","1","","","","1","","1","1","1","1","","","","","","1","","","","","","","","","","","","","","1","","","","","1","1","1","","1","","","1","","","","1","","","","","","","","","","","","","","","","1","","1","","1","","","","","","","","","1","1","1","1","","","","","","","","","","","1","","","","1","","1","1","","","","","","","1","1","","1","1","1","1","","","","","","","","","","1","","1","","","","","1","","1","","","1","","1","","","","","1","","","","","","","1","1","1","1","1","1","","","1","1","","","1","1","","1","1","","1","","","","1","","","1","1","","1","1","1","1","1","1","1","1","1","1","1","","1","1","1","1","1","1","1","1","1","1","1","1","1","","1","1","1","1","","","","","","1","1","1","","","1","1","1","1","1","1","1","1","1","1","","1","1","1","1","1","","","","1","1","","","","","","","","","","","","","","","","","","","","","","","","","","","","","","","","","","","","","","","","1","","1","","","","","","","1","1","1","","1","1","","","","","","","","","","","","","","","","","","","","","","","","","",""
"Institute for Health and Recovery Inc","","75 North Beacon Street","2nd Floor","Watertown","MA","02472","","Middlesex","617-661-3991","https://www.healthrecovery.org","42.3643553","-71.180637","MH","1","1","","","","","","","","","","","","","","","","","","","","","","","1","","","1","1","","1","","1","","","1","","","1","","","","","","1","","","","","","","","","","","","","","","","","","","","","","","","","","","","","","1","1","1","","1","","1","1","","","1","","","","","","","","1","","","1","","","","","","","","","","","","","","","","","","","","","","","","1","","1","","","1","1","","","","","","","","1","","","","","1","","","","","","","","","","","","","","","","","","","","","1","1","1","1","","","","","","","","","","","","","","","","","","","","","","","","","","","","","","","","","","","","","","","","","","","1","","1","","","","","","","","","","","","","","","","","","","","","","","","","","","","","","","","","","","","","","","","","","","","","","","","","","","","","","","","","","","","","","","","","","","","","","","","","","","","","","","","1","","","","","","","","","","","","","","","","","","","","","","","","","",""
"Institute for Health and Recovery Inc","","75 North Beacon Street","2nd Floor","Watertown","MA","02472","","Middlesex","617-661-3991","https://www.healthrecovery.org","42.3643553","-71.180637","SU","","1","","","","","","","","","","","","","","","1","","","","","","","","","","","","","","1","","","","","1","1","1","1","","","","","","1","","","","","","","","1","","","","","","","","","","","","1","","1","","","1","","","","","1","1","1","","1","","","","","","","","","","","1","","","1","","","1","","","","","","","1","1","","","","","","","","","","","","1","","","","1","","1","","","","","1","","","","","","","1","","","","","1","","","","","","","","1","","1","","","1","","1","","","","1","","1","","","","1","1","","","","","","","","","1","","","","","","1","","","","","","1","1","1","","1","1","","","1","","","","","","","","","","","","1","","1","","","1","","","1","","1","","1","","","","","","","","","1","1","","1","","","","","","","","","","","","","","","","","","","","","","","","","","","","","","","","","","","","","","","","","","","","","","","","","","","","","","","","","1","1","","","","","","","","","","","","","","","","","","","","","","","","","",""
"Hillside Detox Center","","188 Florence Street","","Chestnut Hill","MA","02467","","Middlesex","781-332-4135","https://hsalcoholdetox.com","42.3183755","-71.1740473","SU","","1","1","","","1","1","1","1","1","1","","","","1","","1","","","","","","","","","","","","","","1","","","","","1","1","1","","","1","1","1","","","1","","1","","","","","","1","1","","","","","","","","","","1","","1","","1","","","","","","1","","","","1","","","","","","","","","","","","","","","","1","1","1","1","1","1","1","1","","1","1","1","1","1","1","1","","","","","","","","","","1","","1","","","","","1","","","","1","","","1","","","","","1","","1","1","1","1","1","1","1","1","","","1","1","1","1","1","1","","1","","","1","1","","1","1","","","1","","","1","","","1","1","1","1","","","1","1","1","1","1","","1","","1","1","1","1","","1","","1","1","","1","","1","1","1","1","","1","","","1","","","1","","","1","1","1","","1","1","1","1","","1","1","","1","1","1","1","","1","","","","","","","","","","","","","","","","","","","","","","","","","","","","","","","","","","","","","","","","","","","1","","1","","","1","1","","","1","1","1","","1","","1","","","","","1","","","","","","","","","","","","","","","","","","","",""
"Bay State Community Services Inc","","1120 Hancock Street","","Quincy","MA","02169","4313","Norfolk","617-471-8400","https://www.baystatecs.org","42.2544761","-71.0055279","MH","1","1","","","","","","","","","","","","","","","","","","","","","","","1","","","1","1","1","1","1","1","1","","1","","","1","","","","","","1","","","","","","","","","","","","","","","","","","","","","","","","","","","","","","1","1","1","","1","","1","","","","1","","","1","","","","","","","1","","1","","","","1","","","","","","","","","","","1","","","","","","","","","","1","1","","","","","","","","","","","1","","","","","1","","","","","","","","","","","","","","","","","","","","","1","1","1","1","","","","","","","","","","","","","","","","","","","","","","","","","","","","","","","","","","","","","","","","","","","1","","1","","","","","","","","","","","","","","","","","","","","","","","","","","","","1","","","1","1","1","1","1","1","","1","1","","","","","","1","1","1","","1","1","1","","","","","","","","","","","","","","","","1","","1","","","","","","","","","","","1","","","","","1","","","","","","1","","","","","","","","","","","","","","",""
"Bay State Community Services Inc","","1120 Hancock Street","","Quincy","MA","02169","4313","Norfolk","617-471-8400","https://www.baystatecs.org","42.2544761","-71.0055279","SU","","1","","","","","","","","","","","","","","","1","","","","","","","","","","","","","","1","","","","","1","1","1","1","","","","","","1","","","","","","","1","1","","","","","","","","","","","","","1","1","","","","","","","","1","1","1","","1","","","","","","","","","","","1","","","","","","","1","","","","","","","","","","","","","","","","","","","","","","","","","1","","","","","","","","","","","","1","","","","","1","","","","","","","1","1","1","1","1","","1","","1","1","","","1","","1","","","","1","1","1","","1","","","","","1","1","","1","","","","","","","","","","1","","1","","1","1","","","","","","","","","","","","","","","1","","1","","","1","","","1","","1","","1","","","","","","","","","1","1","1","","","","","","","","","","","","","","","","","","","","","","","","","","","","","","","","","","","","","","","","","","","","","1","","","","","","","","","","","","","1","1","","","","","1","","","","","","1","","","","","","","","","","","","","","",""
"Square Medical Group","Newton","125 Adams Street","3rd Floor","Newton","MA","02458","","Middlesex","617-916-5069","https://www.squaremedicalgroup.org","42.3600742","-71.2027007","SU","","1","","","","1","","1","1","1","1","","","","","","","","","","","","","","","","","","","","1","","","","","1","1","1","","1","","","","","1","","","","","1","1","","1","","","","","","","","","","","","1","","","","","","","","","","1","1","1","1","1","1","","","","","","","","","","","","","","","","","1","","","","","","","","","","","","","","","","","","","","","","","","","","","","","","","","","","1","1","","1","1","","","","1","","","","","","","1","1","1","1","1","","1","","1","","1","","1","","","","1","","1","1","","","1","1","","1","","1","1","1","1","1","","","","1","1","","","","1","","1","1","1","1","1","","1","1","1","","1","","1","1","1","1","1","1","","","","","","","","","","1","1","","","","","","","","","1","1","1","1","","","","","","","","","","","","","","","","","","","","","","","","","","","","","","","","","","","","","","","","","","","","","","1","","","","","","","","","","","","","1","","","1","","","1","","","1","","","","","","","","","","","","","","1","","","",""
"Square Medical Group","Newton","125 Adams Street","3rd Floor","Newton","MA","02458","","Middlesex","617-916-5069","https://www.squaremedicalgroup.org","42.3600742","-71.2027007","MH","1","1","","","","","","","","","","","","","","","","","","","","","","","1","","","1","1","1","1","","1","1","","1","","","","1","","","","","1","","","","","","","","","","","","","","","","","","","","","","","","","","","","","","1","1","1","1","1","1","","","","","","","","","","","","","","","1","","1","","","","","","","","","","","","","","","","","","","","","","","","","","1","","","","","","","","","1","","1","","","","","1","","","","","","","","","","","","","","","","","","","","","","1","","1","","","","","","","","","","","","","","","","","","","","","","","","","","","","","","","","","","","","","","","","","","1","","","","","","","","","","","","","","","","","","","","","1","","","","","","","","","","1","","1","1","1","1","","","","","","","","","","","","","1","","","","1","","","","","1","","","","","","","","","","","","1","","1","","","","","","","","","1","","","","1","","","1","","","1","","","","","","","","","","","","","","1","","","",""
"Appleton","McLean Hospital","115 Mill Street","","Belmont","MA","02478","","Middlesex","617-855-3121","https://www.mcleanhospital.org/programs/appleton","42.3951913","-71.194474","MH","1","","","","","","","","","","","","","","","","","","","","","1","","","","","","1","1","1","1","1","1","1","1","","","","","1","","","1","","","","","","","","","","","","","","","","","","","","","","","","","","","","","","","","1","","","","","","","","","","","","","","","","","","","","","","1","","","","","1","","","","","","1","","","","1","","","","1","","1","","1","1","1","","1","1","1","1","1","1","","1","1","1","1","1","","1","","1","1","","","","","","","","","","","","","","","","","","","","","1","","1","","","","","","","","","","","","","","","","","","","","","","","","","","","","","","","","","","","","","","","","","","","1","","","","","","","","","","","","","","","","","","","","1","","","","","","","","","","1","","1","1","","1","","1","","1","","1","1","1","","1","1","1","1","1","1","1","1","1","","","","1","","","","","1","","","","","","","1","","1","","","","","","","","","1","","1","","","","","","","","","","","","","","","","","","","","","","","","","",""
"LEADER","McLean Hospital","115 Mill Street","","Belmont","MA","02478","","Middlesex","617-855-3141","https://www.mcleanhospital.org/programs/leader","42.3948369","-71.1955271","MH","1","1","","","","","","","","","","","","","","","","","","","","1","","","","","","1","1","1","1","1","1","","1","1","","","","1","","","1","1","","","","","","","","","","","","","","","","","","","","","","","","","","","","","","","1","1","1","1","1","1","","","","","","","","","","","","","","","","","","1","1","","","","","","","","","","","","","","","","","","","1","","1","","","","","","1","","","","","1","1","","1","1","","","","1","","","","","","","","","","","","","","","","","","","","","","1","","1","","","","","","","","","","","","","","","","","","","","1","","","","","","","","","","1","","","1","","","","","","","","","","1","","1","","","","","","","","","","","","","","","","","","1","","","","","","","","","","","","","","","","","","","","","","","","","","","","","","","","","","","","","","","","","","","","","","","","","","","","","","","","","","1","1","1","","1","","","","","","","","","","","","","","","","","","","","","","","","","",""
"McLean Hospital","Alcohol and Drug Abuse Treatment","115 Mill Street","Mail Stop 222","Belmont","MA","02478","","Middlesex","617-855-2215","https://www.mcleanhospital.org","42.3948369","-71.1955271","SU","","1","1","","1","","1","1","1","1","1","1","","","","","","","1","","","","","","","","","","","","1","","","","","","1","1","","1","","1","","","1","","","","","1","","","1","1","1","","","1","","","","","","","1","1","1","1","1","","","","","","1","1","1","1","1","1","","","","","","","","","","","","","","","1","","1","1","1","","","1","","","1","1","","1","","1","","","","","","","","","","","","1","","","","","","","","","1","1","","1","","","","","1","","1","1","1","1","1","1","1","1","","","1","","1","1","","","","1","","","1","1","","1","1","","","1","1","","1","","1","1","1","1","1","","","","1","1","1","","","","","1","1","1","1","","1","","1","1","","1","1","1","1","1","1","1","","1","","1","","","","","","","1","","","","1","","","","1","","1","1","1","","","","1","","","","","","","","","","","","","","","","","","","","","","","","","","","","","","","","","","","","","","","","","","","1","","","","","1","1","","","1","1","1","","1","","","1","","","","","","","","","","","","","","","","","","","","","","","",""
"VOA Behavioral Health Services","","1419 Hancock Street","Suites 200 and 202","Quincy","MA","02169","","Norfolk","617-770-9690","https://www.voamass.org","42.2492393","-71.0027418","MH","1","1","","","","","","","","","","","","","","","","","","","","","","","","","","1","1","1","1","1","1","1","","1","","","1","","","","","","1","","","","","","","","","","","","","","","","","","","","","","","","","","","","","","1","1","1","","1","","","","","","","","","","","","1","1","1","","","","1","1","1","1","1","1","","","","","1","1","","","1","1","1","1","1","1","1","","1","1","","1","1","1","1","1","1","","1","","1","1","","1","1","1","","","1","","","","","","","","","","","","","","","","","","","","","1","1","1","1","","","","","","","","","","","","","","","","","","","","","","","","","","","","","","","","","","","","","","","","","","","1","","1","","","","","","","","","","","","","","","","","","","","","","","","","","","","1","","","1","","1","1","1","1","1","1","1","","","","","","1","1","1","1","1","1","","","","","","1","","1","","","","","","","","","1","","1","","","","","","","","","","","1","","","","","","","","","","","","","","","","","","","","","","","","","",""
"VOA Behavioral Health Services","","1419 Hancock Street","Suites 200 and 202","Quincy","MA","02169","","Norfolk","617-770-9690","https://www.voamass.org","42.2492393","-71.0027418","SU","","1","","","","","","1","1","1","1","","","","","","1","","","","","","","","","","","","","","1","","","","","1","1","1","1","","","","","","1","","","","","1","","","1","","","","","","","","","","","","1","1","1","","","1","","","","","1","1","1","1","1","1","","","","","","","","","","1","","","1","","","1","1","1","","1","1","1","1","1","1","1","1","1","1","1","","","","","","1","","","","1","","1","","","","","1","","1","","1","1","","1","1","","","","1","","","","","","","1","1","1","1","1","","1","1","1","1","","","1","","","","","","1","1","","","1","1","","","","1","1","","1","1","1","","1","1","1","","1","","1","1","1","","1","1","1","","1","1","","","1","","1","1","1","1","1","","1","","1","","1","1","","","1","1","","1","","1","","","1","1","1","","","1","1","1","","","1","","","","","","","","","","","","","","","","","","","","","","","","","","","","","","","","","","","","","","","","","","1","","","","","","","","1","1","","","","1","1","","","","","","","","","","","","","","","","","","","","","","","","","",""
"Elm Tree Clinic","","21 School Street","Suite 1","Quincy","MA","02169","","Norfolk","833-356-8733","https://www.elmtreeclinic.com","42.244034","-71.0011522","MH","1","1","","","","","","","","","","","","","","","","","","","","","","","1","","","1","","","","","1","","","1","","","","1","","","","","1","","","","","","","","","","","","","","","","","","","","","","","","","","","","","","1","1","1","1","1","1","","","","","","","","","","","","","","","","","1","","","","","","","","","","","","","","","","","","","","","","","","","","","","","","","","","","","","","","","","","","","","","","","","","","","","","","","","","","","","","","","","1","","1","","","","","","","","","","","","","","","","","","","","","","","","","","","","","","","","","","","","","","","","","","1","","","","","","","","","","","","","","","","","","","","","","","","","","","","","","","","","","","","","","","","","","","","","","","","","","","","","","","","","","","","","","","","","","","","","","1","","","","","","1","","","","","","","","","1","","","","","","","","","","","","","","","","","","","","","","","",""
"Elm Tree Clinic","","21 School Street","Suite 1","Quincy","MA","02169","","Norfolk","833-356-8733","https://www.elmtreeclinic.com","42.2440085","-71.0011863","SU","","1","","","","1","","","1","1","1","","","","","","","","","","","","","","","","","","","","","","","","","1","1","","","1","","","","","1","","","","","1","","","1","","","","","","","","","","","","","","1","","","","","","","","1","1","1","1","1","1","","","","","","","","","","","","","","","","","","","","","","","","","","","","","","","","","","","","","","","","","","","","","","","","","","","","","","","","","","","1","","","","","","","","1","","","","","","","","","","","","","","1","1","","1","1","","","1","1","","","","1","1","1","1","","","","","","","","","","1","1","1","","","1","","","","","","","1","","1","1","1","1","1","1","","","1","","","","","","","1","1","","1","","","","","","","","","","","","","","","","","","","","","","","","","","","","","","","","","","","","","","","","","","","","","","","","","","","","","","","","1","","","","","","","","","","","","","","","","1","","","1","","","","","","","","","","","1","","","","","","1","","","",""
"Insight Recovery Mental Health","","7 McKay Avenue","","Winchester","MA","01890","","Middlesex","781-653-6598","https://www.insightrecoverymh.com","42.4616955","-71.1353262","MH","1","1","","","","","","","","","","","","","","","","","","","","","","1","","","","1","1","1","1","1","1","1","","1","","","","1","","","","1","1","","","","","","","","","","","","","","","","","","","","","","","","","","","","","","1","","1","","1","1","","","","","","1","","","","","","","","","","","","","","","","","","","","","","","","","","","","","","","","","","1","","","1","1","","1","","","","","","1","","1","","","","","","","","","","","","","","","","","","","","","","","","","","","1","","1","","","","","","","","","","","","","","","","","","","","","","","","","","","","","","","","","","","","","","","","","","1","","1","1","","","","","","","","","","","","","","","","","","","","","","","","","","","","","","","","","","","","","","","1","","1","1","1","1","1","1","1","1","1","1","1","1","","","","","","","","","","","","","","","1","","1","","","","","","","","","","","","","1","","","","","","","","","","","","","","","","","","","","","","","",""
"Lynn Comprehensive Treatment Center","Habit Opco LLC","11 Circle Avenue","","Lynn","MA","01905","","Essex","781-595-2413 x106","https://www.ctcprograms.com/location/lynn-comprehensive-tr","42.4533028","-70.958813","SU","","1","1","1","","1","","","1","","","1","","","","","","","1","","","","","","","","","","","","1","","","","","1","1","1","1","","","","","","1","","","","1","1","","","","","","","","","","","","","","","1","","1","","","1","","","","","1","1","1","1","1","1","","","","","","","","","","1","","","1","1","1","1","1","","","","","","","1","1","1","1","1","1","1","","","","","","","","","","1","","","","","","","1","","","","","","","1","","","","","1","","","","","","1","","1","1","1","1","","","","1","","","1","1","","","1","1","","1","1","","","1","1","","1","","","1","1","1","","","","","1","1","1","","","","1","1","","","1","1","","1","1","1","1","","1","1","1","1","","1","1","","","1","","","","","1","","","","","","","","","","","1","","","1","1","","","1","","","","","","","","","","","","","","","","","","","","","","","","","","","","","","","","","","","","","","","","","","","","","","","","1","1","","1","","1","1","","","1","","","1","","","","","","","","","","","","","","","","","","","","","","",""
"Uplift Behavioral Health Services","","5260 Washington Street","Suite 12","West Roxbury","MA","02132","","Suffolk","617-942-6040","https://www.upliftbhs.org","42.2594625","-71.1587071","MH","1","1","","","","","","","","","","","","","","","","","","","","","","","1","","","1","1","1","1","1","","1","","1","","","1","","","","","","1","","","","","","","","","","","","","","","","","","","","","","","","","","","","","","1","1","1","1","1","","","","","","","","","","","","","1","1","","1","1","1","1","1","1","1","1","","","","","1","1","","","1","1","1","1","1","1","1","1","1","1","1","1","1","1","1","1","1","1","1","1","","","1","","1","1","1","1","","1","","","","","","","","","","","","","","","","","","","","1","1","1","1","","","","","","","","","","","","","","","","","","","","","","","","","","","","","","","","","","","","","","","","","","1","","","1","","","","","","","","","","","","","","","","","","","","","","","","","","","","","","","","","","","","","","","","","","","","","","","","","","","","","","","","","","","","","","","","","","","","","1","","","","1","","","","","","","1","","","","","1","","1","1","","1","","","","","","","","","","","1","","","1","",""
"Uplift Behavioral Health Services","","5260 Washington Street","Suite 12","West Roxbury","MA","02132","","Suffolk","617-942-6040","https://www.upliftbhs.org","42.2595155","-71.1588118","SU","","1","","","","1","","1","1","1","","","","","","","1","","","","","","","","","","","","","","1","","","","","1","1","1","1","","","","","","1","","","","","1","","","1","","","","","","","","","","","","1","1","1","","1","","","","","","1","1","1","1","1","","","","","","","","","","","","","","1","","","1","","","","","","","","","","","","","","","","","","","","","","","","1","","1","","","","","1","","","","","1","","","1","","","","1","","","","","","","1","1","","1","1","1","1","1","1","1","1","1","1","","","","","","1","1","","","","","","","","1","1","","1","","1","","1","1","","","","","1","1","1","","1","1","1","","1","1","","","1","","1","1","","1","","1","","","1","1","","","","","","1","","","","","","","","","","","","","1","1","","","1","","","","","","","","","","","","","","","","","","","","","","","","","","","","","","","","","","","","","","","","","","1","","","","","","1","","","","","","","1","1","","","","","1","","1","","","","","","","","","","","","","","","","","","",""
"New Horizons Medical","","500 Congress Street","Suite 2-G","Quincy","MA","02169","","Norfolk","617-481-6949","https://www.newhorizonsmedical.org","42.2346821","-71.0162248","SU","","1","","","","1","","1","1","1","1","","","","","","1","","","","","","","","","","","","","","1","","","","","1","1","1","1","","","","","","1","","","","","1","","","1","","","","","","","","","","","","1","1","1","","","","","","","","1","1","1","1","1","1","","","","","","","","","","","","","","","1","1","1","1","1","1","1","1","","1","1","1","1","1","1","1","","","","","","1","","","","1","","1","","","","","","","","","","1","","1","1","","","","1","","","","","","","1","1","1","1","1","1","1","1","","1","1","","1","","","1","1","","1","1","","","1","1","","1","","1","1","1","1","","","","1","1","1","","","","1","1","1","","1","1","1","","1","1","","","1","","1","1","1","1","1","1","","1","1","1","","","","","1","1","","1","","1","","","","1","","1","","1","1","","","","","","","","","","","","","","","","","","","","","","","","","","","","","","","","","","","","","","","","","","","","","","1","","","","","","1","","1","1","","","","1","1","","","","","","1","","","","","","","","","","","","","","","","","","","",""
"New Horizons Medical","","500 Congress Street","Suite 2-G","Quincy","MA","02169","","Norfolk","617-481-6949","https://www.newhorizonsmedical.org","42.2346821","-71.0162248","MH","1","1","","","","","","","","","","","","","","","","","","","","","","","1","","","1","1","1","1","1","1","1","","1","","","1","","","","","","1","","","","","","","","","","","","","","","","","","","","","","","","","","","","","","1","1","1","1","1","1","1","1","1","1","1","1","","","1","","","","","","","1","1","1","1","1","1","1","","","","","1","1","","","","1","1","1","1","1","1","1","1","","1","1","1","1","1","1","","1","","","1","","1","1","1","","","1","1","1","","","","","","","","","","","","","","","","","","","","","1","","1","","","","","","","","","","","","","","","","","","","","","","1","","","","","","","","","","","","","","","","","","","","1","","1","1","","","","","","","","","","","","","","","","","","","","","","","","","","","","","","","","","","","","","","","","","","","","","","","","","","","","","","","","","","","","","","","","","","","1","","1","","","","1","","","","","1","","1","","","","","","","","","","","","","","","","","","","","","","","","","",""
"Recovery Team/Newton","","233 Needham Street","Suite 203","Newton Upper Falls","MA","02464","","Middlesex","833-616-1093","https://www.recoveryteam.org/locations/newton/","42.3099732","-71.2149478","SU","","1","","","","","","1","1","1","1","","","","","","1","","","","","","","","","","","","","","1","","","","","1","1","1","","1","","","","","1","","","","","1","1","1","1","","","","","","","","","","","","1","1","1","","1","","","","","","1","","","","1","","","","","","","","","","","","","","","","","","1","1","1","1","1","1","","","1","1","1","1","1","1","","","","","","1","","","","1","","1","","","","","1","","1","","1","1","","1","1","","","","1","","","","","","","","1","1","1","1","1","1","1","1","1","","","1","","","1","1","","1","1","","","1","","1","1","","1","1","1","1","","1","1","1","1","1","1","1","","1","1","1","1","1","1","1","1","","1","1","","1","","1","1","1","1","","1","","","1","1","1","","","","","1","","1","","1","1","1","1","1","1","1","1","1","1","1","1","","1","","","","","","","","","","","","","","","","","","","","","","","","","","","","","","","","","","","","","","","","","","1","","1","","","","1","","","1","1","1","","1","","","1","","","","1","","","","","","","","","","","","","","","","","","","",""
"Recovery Team/Newton","","233 Needham Street","Suite 203","Newton Upper Falls","MA","02464","","Middlesex","833-616-1093","https://www.recoveryteam.org/locations/newton/","42.3099732","-71.2149478","MH","1","1","","","","","","","","","","","","","","","","","","","","","","","1","","","1","1","1","1","1","1","1","","1","","","","1","","","","1","1","","","","","","","","","","","","","","","","","","","","","","","","","","","","","","1","","","","1","","","","","","","","","","","","","","","","","","1","1","1","1","1","","","","","","1","1","","1","","1","","1","","1","","","","1","1","1","1","1","","1","1","1","","","1","1","1","1","1","","","","1","","","","","","","","","","","","","","","","","","","","","","1","","1","","","","","","","","","","","","","","","","","","","","1","","","","","","","","","","1","","","1","","","","","","","","","1","","","1","","","","","","","","","","","","","","","","","","1","","","","","","","","","","","","","","","","","","","","","","","","","","","","","","","","","","","1","1","1","","","","","","","","","","","","1","","1","","","","","","","1","1","1","","","","1","","","","","","","","","","","","","","","","","","","","","","","",""
"Square Medical Group","COE River House","276 River Street","","Waltham","MA","02453","","Middlesex","617-916-5069","https://www.squaremedicalgroup.org","42.3723837","-71.2265123","MH","1","1","","","","","","","","","","","","","","","","","","","","1","","","","","","1","1","1","1","","1","1","","1","","","","1","","","1","","","","","","","","","","","","","","","","","","","","","","","","","","","","","","","","1","1","1","1","1","1","","","","","","","","","","","","","","","","1","1","","","","","","","","","","","","","","","","","","","","","","","1","","","","","1","","","","","","","1","1","1","","","","","1","","","","","","","","","","","","","","","","","","","","","","1","","1","","","","","","","","","","","","","","","","","","","","","","","","","","","","","","","","","","","","","","","","","","1","","","","","","","","","","","","","","","","","","","","","1","","","","","","","","","","1","","1","1","1","1","","","","","","","","","","","","","1","","","","1","","","","","","","","","","","","","","","","","1","","1","","","","","","","","","1","","","","1","","","","","","","","","","","","","","","","","","","","","","","",""
"Square Medical Group","COE River House","276 River Street","","Waltham","MA","02453","","Middlesex","617-916-5069","https://www.squaremedicalgroup.org","42.3723837","-71.2265123","SU","","1","","","","1","","1","1","1","1","","","","","","","","","","","","","","","","","","","","1","","","","","1","1","1","","1","","","1","","","","1","","","","","","","","","","","","","","","","","","1","","","","","","","","","","1","1","","1","1","1","","","","","","","","","","","","","","","","1","1","","","","","","","","","1","","","","","","","","","","","","","","1","","1","","","","","1","","","","1","1","","1","1","","","","1","","","","","","","1","1","1","1","1","1","1","","1","","1","","1","","","","1","","","1","","","1","1","","1","","1","1","1","1","1","","","1","1","1","","","","1","","1","1","1","1","1","","1","1","1","","1","","1","1","1","1","1","1","","","","","","","","","","1","1","","","","","","","","","1","1","1","1","1","","","","","","","","","","","","","","","","","","","","","","","","","","","","","","","","","","","","","","","","","","","","","1","","","","","","","","","1","","","","1","","","1","","","","","","","","","","","","","","","","","","","","","","","",""
"New Horizons Medical","","222 Blossom Street Extension","","Lynn","MA","01901","","Essex","781-584-4645","https://www.newhorizonsmedical.org/","42.4567743","-70.9506395","SU","","1","","","","1","","1","1","1","1","","","","","","1","","","","","","","","","","","","","","1","","","","","1","1","1","1","","","","","","1","","","","","1","","","1","","","","","","","","","","","","1","1","1","","","","","","","","1","1","1","1","1","1","","","","","","","","","","","","","","","1","1","1","1","1","1","1","1","","1","1","1","1","1","1","1","","","","","","1","","","","1","","1","","","","","","","","","","1","","1","1","","","","1","","","","","","","1","1","1","1","1","1","1","1","","1","1","","1","","","1","1","","1","1","","","1","1","","1","","1","1","1","1","","","","","1","1","","","","1","1","1","","1","1","1","","1","1","","","1","","1","1","1","1","1","1","","1","1","1","","","","","1","1","","1","","1","","","","1","","1","","1","1","","","","","","","","","","","","","","","","","","","","","","","","","","","","","","","","","","","","","","","","","","","","","","1","","","","","","1","","1","1","","","","1","1","","","","","","1","","","","","","","","","","","","","","","","","","","",""
"New Horizons Medical","","222 Blossom Street Extension","","Lynn","MA","01901","","Essex","781-584-4645","https://www.newhorizonsmedical.org/","42.4566633","-70.9499822","MH","1","1","","","","","","","","","","","","","","","","","","","","","","","1","","","1","1","1","1","1","1","1","","1","","","1","","","","","","1","","","","","","","","","","","","","","","","","","","","","","","","","","","","","","1","1","1","1","1","1","1","1","1","1","1","1","","","1","","","","","","","1","1","1","1","1","1","1","","","","","1","1","","","","1","1","1","1","1","1","1","1","","1","1","1","1","1","1","","1","","","1","","1","1","1","","","1","1","1","","","","","","","","","","","","","","","","","","","","","1","","1","","","","","","","","","","","","","","","","","","","","","","1","","","","","","","","","","","","","","","","","","","","1","","1","1","","","","","","","","","","","","","","","","","","","","","","","","","","","","","","","","","","","","","","","","","","","","","","","","","","","","","","","","","","","","","","","","","","","1","","1","","","","1","","","","","1","","1","","","","","","","","","","","","","","","","","","","","","","","","","",""
"TILL Strattus MH Services","","20 Eastbrook Road","Suite 104","Dedham","MA","02026","","Norfolk","781-329-9365","https://www.tillinc.org","42.2546787","-71.1665745","MH","1","","","","","","","","","","","","","","","","","","","","","","","","1","","","1","1","1","1","1","","1","","1","","","1","","","","","","1","","","","","","","","","","","","","","","","","","","","","","","","","","","","","","1","1","1","1","1","","","","","","","","","","","","","","","","","","","","","","","","","","","","","","","","","","","","","","","","","","","","","","","","","","","","","","","","","","","","","","","","","","","","","","","","","","","","","","","","","1","1","1","1","","","","","","","","","","","","","","","","","","","","","","","","","","","","","","","","","","","","","","","","","","","1","","1","","","","","","","","","","","","","","","","","","","","","","","","","","","","","","","","","","","","","","","","","","","","","","","","","","","","","","","","","","","","","","","","","","","","","1","","","","","","","","","","","1","","","","","","","","","","","","","","","","","","","","","","","","","",""
"Quincy Comprehensive Treatment Center","Arbour Hospital","460 Quincy Avenue","","Quincy","MA","02169","","Norfolk","617-801-5120","https://www.ctcprograms.com/location/quincy-mobile","42.2385863","-70.9800815","MH","1","1","","","","","","","","","","","","","","","","","","1","","","","","","","","","","1","1","1","1","1","","1","","","1","","","1","","1","","","","","","","","","","","","","","","","","","","","","","","","","","","","","","","1","1","1","1","1","1","","","","","","","","","","","","","","","","","1","","","","","1","","","","","","","","","","1","","","","","","","","1","1","","","1","1","1","","","","","1","1","","1","1","","","","1","","","","","","","","","","","","","","","","","","","","","","1","","1","","","","","","","","","","","","","","","","","","","","","","","","","","","","","","","","","","","","","","","","","","1","","","1","","","","","","","","","","","","","","","","","","1","","","","","","","","","","1","","1","1","1","1","1","1","","","","1","","","1","1","1","1","1","1","1","","1","1","","","","","","","","","","","","","","","","1","","1","","","","","","","","","1","","1","","","","","","","","","","","","","","","","","","","","","","","","","",""
"Aspire Health Alliance","","460 Quincy Avenue","","Quincy","MA","02169","","Norfolk","617-847-1950","https://www.aspirehealthalliance.org/","42.2385863","-70.9800815","MH","1","1","","","","","","","","","","","","","","","","","","","","","","","","","1","1","","1","1","1","1","","","1","","","","1","","","1","","1","","","","","","","","","","","","","","","","","","","","","","","","","","","","","","1","1","1","1","1","1","1","","","","","","","","1","","1","1","1","","1","1","","","","","","","","","","","","","","","","","","","","","","","","1","","1","","","","","1","","","","","","","1","1","","","","1","","","","","","","","","","","","","","","","","","","","","1","1","1","1","","","","","","","","","","","","","","","","","","","","","","1","","","","","","","","","","","","","","","","","","","","","1","","1","","","","","","","","","","","","","","","","","","","","","","","","","","","","1","","1","1","","1","1","","1","","","1","1","1","1","1","1","1","1","1","1","1","1","1","","","","","1","1","","","","","","","","","","1","","","","","","","","","","","","","","","1","","","1","","1","","","","","","","","","","","","","","","","","","",""
"Hurley House","Recovery Home","12 Lowell Street","","Waltham","MA","02453","","Middlesex","781-894-6110","https://www.mhsainc.org/hurleyhouse","42.3705225","-71.2336387","SU","","1","","","","","","","","","","","1","","","","1","","","","","","","","","","","","","","1","","","","","","1","1","","1","","","1","","","","1","","","","","","","","","","","","","","","","","","1","","1","","","","","","","","1","1","","1","1","","","","","","","","","","","1","","","","","","","1","","","","1","","","","","1","","","","","","","","","","","","","","1","","1","","","","","1","","","","","","","1","","","","","1","","","","","","","1","1","1","","","1","1","","1","1","","","1","","","1","1","","","1","","","1","","","1","","","1","1","1","","","","1","1","1","","","","","","1","1","1","1","1","","1","1","1","","","","","","","","","","1","","1","","1","1","","","1","","1","1","1","","","","","","","1","","1","1","","","","","","","","","","","","","","","","","","","","","","","","","","","","","","","","","","","","","","","","","","","","","","","","","","","","","","1","","","","","1","","","1","","","","","","","","","","","","","","","","","","","","","","","",""
"Greater Boston Addiction Center","","322 Reservoir Street","","Needham Heights","MA","02494","","Norfolk","877-926-3034","https://www.greaterbostonaddictioncenters.com","42.3069899","-71.2261072","MH","1","1","","","","","","","","","","","","","","","","","","","","","","","1","","","1","1","1","1","1","1","1","","1","","","","1","","","","1","1","","","","","","","","","","","","","","","","","","","","","","","","","","","","","","1","","","","1","","","","","","","","","","","","1","","","","","","1","","","","","1","","","","","","1","","","","1","","1","","1","","","","1","","1","1","","","1","","","","1","1","1","1","1","1","","","","1","","","","","","","","","","","","","","","","","","","","","","1","","1","","","","","","","","","","","","","","","","","","","","","","","","","","","","","","","","","","","","","","","","","","1","","","1","","","","","","","","","","","","","","","","","","","","","","","","","","","","1","","1","1","1","1","1","1","1","1","1","1","","1","","1","","","1","","","1","1","","","","","","","","","","","","","","","","","1","","1","","","","","","","","","","","","","1","","","","","","","","","","","","","","","","","","","","","","","",""
"Greater Boston Addiction Center","","322 Reservoir Street","","Needham Heights","MA","02494","","Norfolk","877-926-3034","https://www.greaterbostonaddictioncenters.com","42.3069864","-71.226113","SU","","1","","","","1","","1","1","1","","","","","","","1","","","","","","","","","","","","","","1","","","","","1","1","1","","1","","","","","1","","","","","1","1","1","1","","","","","","","","","","","","1","","1","","1","","","","","","1","","","","1","1","","","","","","","","","","","","","","","","","1","1","1","1","1","1","","1","1","1","1","1","1","1","","","","","","1","","","","1","","1","","","","","1","","","","1","1","","1","1","","","","1","","","","","","","1","1","1","1","1","1","1","1","1","1","1","","1","","","1","1","","1","1","","","1","","","1","","1","1","1","1","1","","","1","","1","","1","","1","1","1","1","1","1","1","","1","","1","","1","","1","1","1","1","","1","","","1","1","1","1","","","","1","1","1","1","1","","","","1","1","1","","1","1","1","1","","","","","","","","","","","","","","","","","","","","","","","","","","","","","","","","","","","","","","","","","","","","1","","","","","","","","","1","","","","1","","","1","","","","","","","","","","","","","","","","","","","","","","","",""
"Advocates Community Counseling","Waltham","675 Main Street","","Waltham","MA","02452","","Middlesex","781-893-5110","https://www.advocates.org","42.3763771","-71.2369118","SU","","1","","","","1","","1","1","1","","","","","","","1","","","","","","","","","","","","","","1","","","","","1","1","1","1","","","","","","1","","","","","1","","","1","","","","","","","","","","","","1","1","1","","","1","","1","","","1","1","1","1","1","","","","","","","","","","","","","","1","","1","1","1","1","1","1","1","1","1","1","1","1","1","1","1","1","","","","","","1","","","","1","","1","","","","","1","","","","1","1","","1","1","","","","1","","","","","","","1","1","1","1","1","","1","","1","1","","","1","","","","","","1","1","","","1","1","","","","1","1","1","1","","1","","","1","1","","1","","1","","1","","1","1","1","","1","1","","","1","","1","","1","1","1","","1","1","1","","1","","","","","1","1","1","1","1","","","1","1","1","","","1","1","1","","","","","","","","","","","","","","","","","","","","","","","","","","","","","","","","","","","","","","","","","","","","","1","","","","","","","","1","1","","","","1","1","","","","","1","","1","","","","","","","","","","","","","","1","","","","",""
"Advocates Community Counseling","Waltham","675 Main Street","","Waltham","MA","02452","","Middlesex","781-893-5110","https://www.advocates.org","42.3763771","-71.2369118","MH","1","1","","","","","","","","","","","","","","","","","","","","","","","1","","","1","1","1","1","1","1","1","","1","","","1","","","","","","1","","","","","","","","","","","","","","","","","","","","","","","","","","","","","","1","1","1","1","1","","1","1","","","","","","1","","","1","1","1","","1","1","1","1","1","1","1","1","","","","","1","1","","1","1","1","1","1","1","1","1","","1","1","1","1","1","1","1","1","1","","","","1","1","","1","1","","","","1","","","","","","","","","","","","","","","","","","","","","1","1","1","1","","","","","","","","","","","","","","","","","","","","","","","","","","","","","","","","","","","","","","","","","","","1","1","1","","","","","","","","","","","","","","","","","","","","","","","","","","","","1","","1","1","1","1","","","1","","1","1","1","1","1","1","1","1","1","","1","1","1","1","","","","","1","1","","","1","","","","","","","1","","1","","","","","","","","","","","1","","","","","1","","1","","","","","","","","","","","","","","1","","","","",""
"CleanSlate Centers","","280 Union Street","Suite 302","Lynn","MA","01901","","Essex","781-731-6804","https://cleanslatecenters.com","42.4649639","-70.94325","SU","","1","","","","1","","","1","1","1","","","","","","","","","","","","","","","","","","","","","","","","","1","1","","1","","","","","","1","","","","","1","","","","","","","","","","","","","","","","","1","","","1","","","","","1","1","1","1","1","1","","","","","","","","","","","","","","","1","","","","","","","","","","","","","","","","","","","","","","","","","1","","","","","","","1","","","","","","","1","","","","","1","","","","","","","","1","","","","","","","1","","","","1","","","1","1","","1","1","","","","1","","","","","1","1","1","1","","","","","","1","","","","","1","","","1","","","1","1","","1","1","","1","","1","1","1","1","","","","","","","","","","1","","","","","","1","","","","","","1","","","","","","","","","","","","","","","","","","","","","","","","","","","","","","","","","","","","","","","","","","","","","","","","","","","","","","","","1","","1","","","1","","","","","","","","","","","","","","","","","","","","","","","","","",""
"Spectrum Health Systems Inc","","184 Broadway","","Saugus","MA","01906","","Essex","781-233-1095","https://www.spectrumhealthsystems.org","42.4903100692643","-71.0153344024478","SU","","1","","","","","","","1","1","1","1","","","","","","","1","","","","","","","","","","","","1","","","","","1","1","1","1","","","","","","1","","","","","1","","","1","","","","","","","","","","","","1","1","1","","","1","","","","","1","1","1","1","1","1","","","","","","","","","","1","","","","","1","1","1","","","","","","","1","","","1","1","1","1","","","","","","","","","","1","","","","","","","1","","","","1","1","","1","","","","","1","","","","","","","","1","1","1","1","","1","1","1","1","","","1","","","1","1","","1","1","","","1","1","","1","","1","1","1","1","1","1","","","1","1","","","","1","1","1","","1","1","","1","","1","1","","1","1","1","1","1","1","1","","1","","","","","","","","","1","","","","1","","","","1","","1","","1","1","","","","","","","","","","","","","","","","","","","","","","","","","","","","","","","","","","","","","","","","","","","","","","1","","","","","1","1","","1","1","1","1","","","1","","","","","1","","","","","1","","","","","","","","","","","","","","","",""
"Spectrum Health Systems Inc","","184 Broadway","","Saugus","MA","01906","","Essex","781-233-1095","https://www.spectrumhealthsystems.org","42.4906691","-71.0153338","MH","1","1","","","","","","","","","","","","","","","","","","","","","","","","","1","1","","1","1","1","1","","","1","","","1","","","","","","1","","","","","","","","","","","","","","","","","","","","","","","","","","","","","","1","1","1","1","1","1","","","","","1","","","","","","","","","","1","1","1","","","","","","","","","","","","","","","","","","","","","","","1","","","","1","1","1","1","","","","1","1","","1","1","","","","1","","","","","","","","","","","","","","","","","","","","","","1","","1","","","","","","","","","","","","","","","","","","","","","","","","","","","","","","","","","","","","","","","","","","","1","","1","","","","","","","","","","","","","","","","","","","","","","","","","","","","","","","","","","","","","","","","","","","","","","","","","","","","","","","","","","","","","1","","","","","","","","","","","","","","","","","","","1","","","","","1","","","","","1","","","","","","","","","","","","","","","",""
"Bournewood Health Systems","Bournewood Caulfield Center","23 Warren Avenue","Suite 140","Woburn","MA","01801","","Middlesex","781-932-0649","https://www.bournewood.com/","42.4755594","-71.154245","MH","1","1","","","","","","","","","","","","","","","","","","","","","","1","","","","","","1","1","1","1","1","","","","","","1","","","","1","","","","","","","","","","","","","","","","","","","","","","","","","","","","","","","1","1","1","","1","1","","","","","","","","","","","","","","","","","1","","","","","","","","","","","","","","","1","","","","","","","","1","","","","","","1","","","","","1","","","1","","","","","1","","","","","","","","","","","","","","","","","","","","","","1","","1","","","","","","","","","","","","","","","","","","","","","","","","","","","","","","","","","","","","","","","","","","","1","","1","","","","","","","","","","","","","","","","","","","","","","","","","","","","","","","","","","","","","","","","","","","","","","","","","","","","","","","","","","","","","","","","","","","","","1","","","","","","","","","","","","","1","","","","","","","","","","","","","","","","","","","","","","","",""
"Walden Behavioral Care LLC","Inpatient","10 Carematrix Drive","","Dedham","MA","02026","","Norfolk","781-647-6764","https://www.waldenbehavioralcare.com/","42.369549","-71.24938","MH","1","","","","","","","","","","","","","","","","","","","1","","","","","","","","1","1","1","1","1","1","1","","1","","","1","","","1","1","","","","","","","","","","","","","","","","","","","","","","","","","","","","","","","","1","1","1","","1","","1","","","","","","","","","","","","","","","","1","","","","","","","","","","","1","","","","1","","1","","","1","","","1","","","","1","1","1","","1","","","1","","","1","1","","","","1","","","","","","","","","","","","","","","","","","","","","1","1","1","1","","","","","","","","","","","","","","","","","","","","","","","","","","","","","","","","","","","","","","","","","","1","","","1","","","","","","","","","","","","","","","","","","1","","","","","","","","","","1","","1","1","1","1","","1","","","1","1","","","","1","","1","1","","","1","1","1","","","","","1","","","","","","","","","","","1","","1","","","","","","","","","1","","1","","","","","","","","","","","","","","","","","","","","","","","","","",""
"Healthcare Resource Centers","","9 Forbes Road","Suite 9-C","Woburn","MA","01801","2103","Middlesex","781-838-6757","https://www.hcrcenters.com/health-care-resource-centers-woburn/","42.4949767","-71.121642","SU","","1","","1","","","","","","","","1","","","","","1","","1","","","","","","","","","","","","1","","","","","1","1","1","1","","","","","","1","","","","","1","","","1","","","","","","","","","","","","1","","1","","","1","","1","","","1","1","1","1","1","1","","","","","","","","","","1","","","","1","1","","","","","","","","","1","1","","","","","","","","","","","","","","","1","","","","","","","","","","","","","","1","1","","","","","","","","","","","","1","1","","","","1","1","1","1","","","1","","","1","1","","1","1","","","1","","","1","","","1","1","1","","","","","1","1","","1","","1","1","1","1","1","1","1","","1","1","1","","","1","","","","","","1","","1","","1","","","1","","","","","","","","","","","","","1","","1","1","","","","","","","","","","","","","","","","","","","","","","","","","","","","","","","","","","","","","","","","","","","","","","","","","","","1","1","","1","","","","","","1","","","1","","","1","","","","","","","","","","","","","","","","","","","",""
"Massachusetts Center for","Adolescent Wellness","639 Granite Street","Suite 401","Braintree","MA","02184","","Norfolk","855-451-2503","https://www.masscenters.com","42.2099556","-71.0216471","MH","1","1","","","","","","","","","","","","","","","","","","","","","","1","","","","1","1","1","1","1","","1","","","","","1","","","","","1","1","","","","","","","","","","","","","","","","","","","","","","","","","","","","","","1","","","","1","","","","","","","","","","","","","","","","","","1","","","","","","","","","","","","","","1","","","","","","","","","1","","","","","","1","","","","","","","","1","","","","","","","","","","","","","","","","","","","","","","","","","","1","","1","","","","","","","","","","","","","","","","","","","","","","","","","","","","","","","","","","","","","","","","","","","1","","","1","","","","","","","","","","","","","","","","","","","","","","","","","","","","","","","","","","","","","","","","","","","","","","","","","","","","","","","","","","","","","","","","","","","1","","1","","","","","","","","","","","1","","","","","","","","","","","","","","","","","","","","","","","","","",""
"Square Medical Group","Woburn","800 West Cummings Park","Suite 1800","Woburn","MA","01801","","Middlesex","617-916-5069","https://www.squaremedicalgroup.org","42.4961631","-71.1258651","SU","","1","","","","1","","1","1","1","1","","","","","","","","","","","","","","","","","","","","1","","","","","1","1","1","","1","","","","","1","","","","","1","1","1","1","","","","","","","","","","","","1","","1","","","","","","","","1","1","1","1","1","1","","","","","","","","","","","","","","","","","1","","","","","","","","","","","","","","","","","","","","","","","","","","","","","","","","","","1","1","","1","1","","","","1","","","","","","","1","1","1","1","1","","1","","1","","1","","1","","","","1","","1","1","","","1","1","","1","","1","1","1","1","1","","","","1","1","","","","1","","1","1","1","1","1","","1","1","1","","1","","1","1","1","1","1","1","","","","","","","","","","1","1","","","","","","","","","1","1","1","1","","","","","","","","","","","","","","","","","","","","","","","","","","","","","","","","","","","","","","","","","","","","","","1","","","","","","","","","","","","","1","","","1","","","1","","","1","","","","","","","","","","","","","","1","","","",""
"Square Medical Group","Woburn","800 West Cummings Park","Suite 1800","Woburn","MA","01801","","Middlesex","617-916-5069","https://www.squaremedicalgroup.org","42.4962066","-71.1258199","MH","1","1","","","","","","","","","","","","","","","","","","","","","","","1","","","1","1","1","1","","1","1","","1","","","","1","","","","1","1","","","","","","","","","","","","","","","","","","","","","","","","","","","","","","1","1","1","1","1","1","","","","","","","","","","","","","","","1","","1","","","","","","","","","","","","","","","","","","","","","","","","","","1","","","","","","","","","1","","1","","","","","1","","","","","","","","","","","","","","","","","","","","","","1","","1","","","","","","","","","","","","","","","","","","","","","","","","","","","","","","","","","","","","","","","","","","1","","","1","","","","","","","","","","","","","","","","","","1","","","","","","","","","","1","","1","1","1","1","","","","","","","","","","","","","1","","","","1","","","","","1","","","","","","","","","","","","1","","1","","","","","","","","","1","","","","1","","","1","","","1","","","","","","","","","","","","","","1","","","",""
"Evergreen Behavioral LLC","DBA Woburn Wellness","53 Cummings Park","","Woburn","MA","01801","","Middlesex","339-999-2722","https://www.woburnaddictiontreatment.com/","42.4994423","-71.1234551","SU","","1","","","","","","","1","1","1","","","","","","1","","","","","","","","","","","","","","1","","","","","1","1","1","","1","","","","","1","","","","","1","1","1","1","","","","","","","","","","","","1","","","","1","","","","","","1","","","","1","","","","","","","","","","","","","","1","","","","1","","","","","1","","","1","1","","","","","","","","","","1","","","","1","","1","","","","","1","","1","","1","1","","1","1","","","","1","","","","","","","","1","1","1","1","1","1","","1","1","1","","1","","","1","1","","1","1","","","1","","","1","","","1","1","1","1","","","1","1","1","","","","1","1","1","1","1","1","1","","1","1","","","1","","1","1","1","1","","1","","","1","","1","","","","","1","","1","","1","","","","1","","","","1","1","","","","","","","","","","","","","","","","","","","","","","","","","","","","","","","","","","","","","","","","","","","","","","1","","","","","","","","","","","","","","","","1","","","","","","","","","","","","","","","","","","","","","","","",""
"Charles River Recovery LLC","","75 Norumbega Road","","Weston","MA","02493","","Middlesex","844-441-0455","https://charlesriverrecovery.com","42.3491697","-71.2619208","SU","","1","1","1","1","1","1","1","1","1","1","1","","","","","1","","1","","","","","","","","","","","","1","","","","","1","1","1","","1","","1","1","","1","1","","1","","1","1","1","1","1","1","","","","","","","","","","1","","1","","1","","","","","","1","1","","","1","","","","","","","","","","","","","","","","1","","1","1","1","1","1","1","","1","1","1","1","1","1","1","","","","","","1","","","","1","","1","","","","","1","","1","","1","1","","1","","","","","1","","1","1","1","1","1","1","1","1","1","","1","1","1","1","1","1","","1","","","1","1","","1","1","","","1","1","","1","","1","1","1","1","1","","","1","1","1","1","","","1","1","1","1","1","1","","1","1","1","1","1","1","1","1","1","1","1","1","1","","","","1","1","1","","","1","1","1","1","1","1","1","1","1","1","1","","1","1","1","","","1","","","","","","","","","","","","","","","","","","","","","","","","","","","","","","","","","","","","","","","","","","","1","","1","","","1","1","","","1","1","1","","1","","","1","","","","1","","","","","","","","","","","","","","","","","","","",""
"Middlesex Recovery PC","","20 Tower Office Park","","Woburn","MA","01801","","Middlesex","781-305-3300","https://www.middlesexrecovery.com","42.5016666","-71.1239631","SU","","1","1","","","1","1","1","1","1","1","","","","","","1","","","","","","","","","","","","","","1","","","","","1","1","","1","","","","","","1","","","","1","1","","","1","","","","","","","","","","","","1","","","","","1","","","","","1","1","1","1","1","1","","","","","","","","","","","","","","","","","","","","","","","","","","","","","","","","","","","","","","","","1","","","","","","","1","","","","1","1","","1","","","","","1","","1","1","","","1","","1","1","","","","","","1","","","","","","","1","1","","1","1","","","","1","","","","","1","1","1","","","","","","","","","","","1","1","","","1","","","1","","","","1","","1","1","1","1","1","1","","","","1","","","","","","1","","","","","","","","","","1","","1","1","","","1","","","","","","","","","","","","","","","","","","","","","","","","","","","","","","","","","","","","","","","","","","","","","","","","","1","","","","","","","","1","","","","","","1","","","","","","","","","","","","","","","","","","","",""
"Aftermath Addiction Treatment Ctr LLC","","607 North Avenue","Suite 11-E","Wakefield","MA","01880","","Middlesex","781-587-3636","https://aftermathtreatmentcenter.com/","42.5157637","-71.0870395","SU","","1","","","","1","","1","1","1","","","","","","","1","","","","","","","","","","","","","","1","","","","","1","1","1","","1","","","","","1","","","","","1","1","1","1","","","","","","","","","","","","1","","1","","1","","","","","","1","1","","","1","1","","","","","","","","","","","","","","","","","1","","","","","","","","1","1","","1","","","","","","","","","","","","1","","1","","","","","1","","","","","","","1","","","","","1","","","","","","","","1","1","1","","1","","","1","","","","1","","","1","1","","1","1","","","1","","","1","","","1","1","1","","","","","1","1","","","","1","","1","1","1","1","","","","1","","","1","","1","","","1","","1","","","1","","1","","","","1","1","","1","","","","","","","","","","1","1","","","","","","","","","","","","","","","","","","","","","","","","","","","","","","","","","","","","","","","","","","","","","","1","","","","","","","","","1","","","","","","","1","","","","","","","","","","","","","","","","","","","","","","","",""
"Aftermath Behavioral Health","","50-D Audubon Road","","Wakefield","MA","01880","","Middlesex","978-914-8253","https://aftermathbehavioralhealth.com/","42.517647","-71.0452746","MH","1","","","","","","","","","","","","","","","","","","","","","","","1","","","","1","1","1","1","1","1","1","","1","","","","1","","","","1","1","","","","","","","","","","","","","","","","","","","","","","","","","","","","","","1","","","","1","","","","","","","","","","","","","","","","","","","","","","","","","","","","","","","","","","","","","","","","","1","","","","","","","","","","","","","","","1","","","","","1","","","","","","","","","","","","","","","","","","","","","1","","1","","","","","","","","","","","","","","","","","","","","","","","","","","","","","","","","","","","","","","","","","","1","","","1","","","","","","","","","","","","","","","","","","","","","","","","","","","","","","","","","","","","","","","","","","","","","","","","","","","","","","","","","","","","","","","","","","","","","1","","","","","","","","","1","","","","1","","","","","","","","","","","","","","","","","","","","","","","",""
"Aspire Health Alliance","","1501 Washington Street","","Braintree","MA","02184","","Norfolk","617-847-1950","https://www.aspirehealthalliance.org","42.1898636","-71.0112392","MH","1","","","","","","","","","","","","","","","","","","","","","","","","1","","","1","1","1","1","1","1","1","","1","","","","1","","","","1","1","","","","","","","","","","","","","","","","","","","","","","","","","","","","","","1","1","1","1","1","1","1","","","","","","","","1","","","","1","","1","1","","","","","","","","","","","","","","","","","","","","","","","","1","","","","","","","","","","","","","","1","1","","","","1","","","","","","","","","","","","","","","","","","","","","1","1","1","1","","","","","","","","","","","","","","","","","","","","","","1","","","","","","","","","","","","","","","","","","","","","1","","1","","","","","","","","","","","","","","","","","","","","","","","","","","","","1","","1","1","","1","1","","1","","","1","1","1","1","1","1","1","1","1","1","1","1","1","","","","","","","","","","","","","","","","1","","1","","","","","","","","","","","","","1","","","1","","1","1","","","","","","","","","","","","","","","","","",""
"Spectrum Health Systems Inc","Main Street","178 Main Street","","Weymouth","MA","02188","","Norfolk","781-331-0690","https://www.spectrumhealthsystems.org","42.2015295","-70.9552729","MH","1","1","","","","","","","","","","","","","","","","","","","","","","","1","","","1","","1","1","","1","","","1","","","1","","","","","","1","","","","","","","","","","","","","","","","","","","","","","","","","","","","","","1","1","1","1","1","1","1","","","","","","","","","","","","1","","","","","","","","","","","","","","","","","","","","","","","","","","","1","","","1","","","1","","","","","","","","1","1","","","","1","","","","","","","","","","","","","","","","","","","","","1","1","1","1","","","","","","","","","","","","","","","","","","","","","","","","","","","","","","","","","","","","","","","","","","","1","","","","","","","","","","","","","","","","","","","","","","","","","","","","","","","","","","","","","","","","","","","","","","","","","","","","","","","","","","","","","","","","","","","","","","","","","","","","","","","","","","1","","","","","","","","","","","","","","","","","","","","","","","","","",""
"Spectrum Health Systems Inc","Main Street","178 Main Street","","Weymouth","MA","02188","","Norfolk","781-331-0690","https://www.spectrumhealthsystems.org","42.2015295","-70.9552729","SU","","1","","1","","1","","1","1","1","1","1","","","","","","","1","","","","","","","","","","","","1","","","","","1","1","1","1","","","","","","1","","","","","1","","","1","","","","","","","","","","","","1","","1","","","1","","","","","1","1","1","1","1","1","","","","","","","","","","1","","","1","","1","","1","1","1","1","1","1","1","1","1","1","1","1","1","1","","","","","","1","","","","1","","","","","","","1","","","","","","","1","1","","","","1","","","","","","","1","1","1","","","","1","1","1","1","","","1","","1","","","","1","1","1","","1","1","","1","","","1","1","1","","","","","1","1","","","","1","","1","","1","1","1","","","1","1","","1","1","1","1","1","1","1","","1","","1","","","","","","","1","1","","1","","","","","","1","1","","1","1","","","","","","","","","","","","","","","","","","","","","","","","","","","","","","","","","","","","","","","","","","","","","","1","","","","","1","1","","1","","","1","","1","1","","","","","","","","","","","","","","","","","","","","","","","","","",""
"Square Medical Group","Weymouth","884 Washington Street","2nd Floor","East Weymouth","MA","02189","","Norfolk","617-916-5069","https://www.squaremedicalgroup.org","42.2005628","-70.9409816","MH","1","1","","","","","","","","","","","","","","","","","","","","","","","1","","","1","1","1","1","","1","1","","1","","","","1","","","","1","1","","","","","","","","","","","","","","","","","","","","","","","","","","","","","","1","1","1","1","1","1","","","","","","","","","","","","","","","1","","1","","","","","","","","","","","","","","","","","","","","","","","","","","1","","","","","","","","","1","","1","","","","","1","","","","","","","","","","","","","","","","","","","","","","1","","1","","","","","","","","","","","","","","","","","","","","","","","","","","","","","","","","","","","","","","","","","","1","","","1","","","","","","","","","","","","","","","","","","1","","","","","","","","","","1","","1","1","1","1","","","","","","","","","","","","","1","","","","1","","","","","1","","","","","","","","","","","","1","","1","","","","","","","","","1","","","","1","","","1","","","1","","","","","","","","","","","","","","1","","","",""
"Square Medical Group","Weymouth","884 Washington Street","2nd Floor","East Weymouth","MA","02189","","Norfolk","617-916-5069","https://www.squaremedicalgroup.org","42.2005628","-70.9409816","SU","","1","","","","1","","1","1","1","1","","","","","","","","","","","","","","","","","","","","1","","","","","1","1","1","","1","","","","","1","","","","","","1","1","1","","","","","","","","","","","","1","","1","","","","","","","","1","1","1","1","1","1","","","","","","","","","","","","","","","","","1","","","","","","","","","","","","","","","","","","","","","","","","","","","","","","","","","","1","1","","1","1","","","","1","","","","","","","1","1","1","1","1","","1","","1","","1","","1","","","","1","","1","1","","","1","1","","1","","1","1","1","1","1","","","","1","1","","","","1","","1","1","1","1","1","","1","1","1","","1","","1","1","1","1","1","1","","","","","","","","","","1","1","","","","","","","","","1","1","1","1","","","","","","","","","","","","","","","","","","","","","","","","","","","","","","","","","","","","","","","","","","","","","","1","","","","","","","","","","","","","1","","","1","","","1","","","1","","","","","","","","","","","","","","1","","","",""
"Marblehead Counseling Center Inc","","66 Clifton Avenue","","Marblehead","MA","01945","","Essex","781-631-8273","https://www.marbleheadcounseling.org","42.484094","-70.880171","MH","1","","","","","","","","","","","","","","","","","","","","","","","","1","","","1","1","1","1","1","","","","1","","","1","","","","","","1","","","","","","","","","","","","","","","","","","","","","","","","","","","","","","1","1","1","1","1","1","","","","","","1","","","1","","","","","","","","","","","","","","","","","","","","","","","","","","","","","","","1","","","1","","1","1","1","","","","","","","","","","","","","","","","","","","","","","","","","","","","","","","","","1","1","1","1","","","","","","","","","","","","","","","","","","","","","","","","","","","","","","","","","","","","","","","","","","","1","","","","","","","","","","","","","","","","","","","","","","","","","","","","","","","","","","","","","","","","","","","","","","","","","","","","","","","","","","","","","","","","","","","","","","","","","","","","","","","","","","1","","","","","","","","","","","","","","","","","","","","","","","","","",""
"MENTOR South Bay","","541 Main Street","Suite 303","South Weymouth","MA","02190","1864","Norfolk","781-331-7866","https://mentorsouthbay.com","42.1879521","-70.9560209","MH","1","1","","","","","","","","","","","","","","","","","","","","","","","1","","","1","1","","1","1","1","1","","1","","","","1","","","","","1","","","","","","","","","","","","","","","","","","","","","","","","","","","","","","","1","1","1","1","","","","","","1","","","","","","","","","","","","","","","","","","","","","","","","","","","","","","","","","1","","","","","1","","","1","","","","","","1","","1","1","","","","1","","","","","","","","","","","","","","","","","","","","","1","1","1","1","","","","","","","","","","","","","","","","","","","","","","","","","","","","","","","","","","","","","","","","","","1","","","1","","","","","","","","","","","","","","","","","","","","","","","","","","","","","","","","","","","","","","","","","","","","","","","","","","","","","","","","","","","","","","","","","","","1","","1","","","","","","","","","","","","","1","","","","","","","","","","","","","","","","","","","","","","","",""
"MENTOR South Bay","","541 Main Street","Suite 303","South Weymouth","MA","02190","1864","Norfolk","781-331-7866","https://mentorsouthbay.com","42.1879521","-70.9560209","SU","","1","","","","","","","","","","","","","","","1","","","","","","","","","","","","","","1","","","","","1","1","1","","1","","","","","1","","","","","","","","1","","","","","","","","","","","","1","","1","","","1","","","","","","1","1","1","1","","","","","","","","","","","","","","","","","","","","","","","","","","","","","","","","","","","","","","","","","","","","","","","","","","","","","1","","1","1","","","","1","","","","","","","1","1","1","1","1","","","","1","1","","","1","","1","","","","1","1","","","","","","","","1","1","","1","","","","","","","","","","1","1","1","","1","1","","","","","","","","","","","","","","1","","","1","","1","1","","","1","","1","1","1","1","","","","1","","","","","","","","","","","","","","","","","","","","","","","","","","","","","","","","","","","","","","","","","","","","","","","","","","","1","","","","","","","","","","","","","1","","","1","","","1","","1","","","","","","","","","","","","","","","","","","",""
"Walker Community Counseling","Needham Campus","1968 Central Avenue","","Needham","MA","02492","","Norfolk","781-292-2196","https://www.walkercares.org","42.2599107","-71.2693706","MH","1","","","","","","","","","","","","","","","","","","","","","","","","1","","","1","1","1","1","","","","","1","","","1","","","","","","1","","","","","","","","","","","","","","","","","","","","","","","","","","","","","","1","1","1","1","1","","","1","","1","","1","","","","","","","","","1","","","","","","","1","","","","","","1","","","1","1","","1","","1","","","","1","","","","","","","","","","","","","","","","","","","","","","","","","","","","","","","","","","","","","","","","1","1","1","1","","","","","","","","","","","","","","","","","","","","","","","","","","","","","","","","","","","","","","","","","","","1","","1","","","","","","","","","","","","","","","","","","","","","","","","","","","","","","","","","","","","","","","","","","","","","","","","","","1","","","","","","","","","","","","","","","","","1","","","","","","","","","","","","","1","","","","","1","","1","","","","","1","","","","","","","","","","","","","",""
"Bridge and Perinatal BH Programs at","South Weymouth","797 Main Street","","South Weymouth","MA","02190","","Norfolk","781-624-5065","https://www.southshorehealth.org","42.1781283","-70.9559682","SU","","1","1","","","1","1","1","1","1","1","","","","","","1","","","","","","","","","","","","","","1","","","","","1","1","1","1","","","","","","1","","","","1","1","","","1","","","","","","","","","","","","1","","","","","","","","","","1","1","1","1","1","1","","","","","","","","","","1","","","","","1","","","","","","","","","1","","","","","","","","","","","","","","","","1","","1","","","","","","","","","1","1","","1","","","","","1","","1","1","","","1","","1","1","","","","1","1","1","","","","1","","","1","1","","1","1","","","1","1","","1","","1","1","1","1","1","","","","1","1","1","1","","1","1","1","","1","1","","","1","1","","","1","","1","1","1","1","1","","1","","","1","1","1","","","1","1","1","1","1","1","","1","","1","","1","","1","","1","","1","","","","","","","","","","","","","","","","","","","","","","","","","","","","","","","","","","","","","","","","","","","1","","1","","","","1","","","1","1","1","","","1","","","","","","1","","","","","","","","","","","","","","","","","","","",""
"Bridge and Perinatal BH Programs at","South Weymouth","797 Main Street","","South Weymouth","MA","02190","","Norfolk","781-624-5065","https://www.southshorehealth.org","42.1781283","-70.9559682","MH","1","1","","","","","","","","","","","","","","","","","","","","","","","1","","","1","","1","1","","1","","","1","","","1","","","","","","1","","","","","","","","","","","","","","","","","","","","","","","","","","","","","","1","1","1","1","1","1","","","","","","","","","","","1","","","","","","","","","","","","","","","","","","","","","","","","","","","","","1","","1","","","","","","","","","1","1","","1","","","","","1","","","","","","","","","","","","","","","","","","","","","","1","","1","","","","","","","","","","","","","","","","","","","","","","","","","","","","","","","","","","","","","","","","","","","1","","1","","","","","","","","","","","","","","","","","","1","","","","","","","","","","","","","","","","","","","","","","","","","","","","","","","","","","","","","","","","","","","","","","","","","","","","","","","","","","","","1","","1","","","","","","","","","","","","","","","","","","","","","","","","","",""
"Healthcare Resource Centers","","172 Newbury Street","","Peabody","MA","01960","","Essex","978-535-9190","https://www.hcrcenters.com/health-care-resource-centers-pe","42.5410949","-70.9872094","SU","","1","","1","","","","","","","","1","","","","","","","1","","","","","","","","","","","","1","","","","","1","1","1","1","","","","","","1","","","","","1","","","1","","","","","","","","","","","","1","","1","","","1","","","","","1","1","1","1","1","1","","","","","","","","","","1","","","1","","1","1","1","","","","","","","1","1","1","","1","","","","","","","","1","","","","1","","","","","","","","","","","","","","1","1","","","","1","","","","","","","","1","1","1","1","","1","1","1","","","","1","","","1","1","","1","1","","","1","","","1","","","1","1","1","","","","","1","1","","","","","","1","","1","1","1","1","1","1","1","","","1","","","","","","1","","","1","","","","1","","","","","","","","","","","","","1","1","1","1","","","","","","","","","","","","","","","","","","","","","","","","","","","","","","","","","","","","","","","","","","","","","","","","","","","1","1","","","","","","","","1","","","1","","","1","","","","","","","","","","","","","","","","","","","",""
"MCAT LLC","DBA as Evoke Wellness at Cohasset","1 Chief Justice Cushing Highway","","Cohasset","MA","02025","","Norfolk","781-208-4440","https://www.evokewellnessma.com","42.2390365","-70.8472549","SU","","1","1","1","1","1","1","1","1","1","1","1","","","","","1","","1","","","","","","","","","","","","1","","","","","1","1","1","","1","","","1","","","1","","1","","","","","","","","","","","","","","","","","1","","1","","1","","","","","","1","1","","1","1","1","","","","","","","","","","","","","","","1","1","1","1","1","1","","","","1","1","1","1","1","1","1","","","","","","","","","","1","","1","","","","","1","","1","","1","1","","1","1","","","","1","","1","1","1","1","1","1","1","1","1","1","1","1","1","1","1","","","1","","","1","1","","1","1","","","1","1","","1","","1","1","1","1","1","","","1","1","1","1","","","1","1","1","1","1","1","1","1","","1","1","1","1","1","1","1","1","1","1","1","","","","1","1","1","","","1","1","1","1","1","1","1","1","1","1","1","1","1","1","1","","1","1","","1","1","1","","","","","","","","","","","","","","","","","","","","","","","","","","","","","","","","","","","","","","","1","","1","","","1","1","","","1","1","1","","1","","","1","1","","1","1","","1","","1","1","","1","","","","","","","1","1","","","","",""
"Spectrum Health Systems Inc","Weymouth Inpatient","861 Main Street","","South Weymouth","MA","02190","","Norfolk","339-499-4092","https://www.spectrumhealthsystems.org","42.1756832","-70.9561196","SU","","1","","1","","1","","1","1","1","1","1","","","","","1","","1","","","","","","","","","","","","1","","","","","1","1","1","","1","","","1","","","1","1","","","","","","","","","","","","","","","","","","1","","1","","","1","","","","","1","1","","1","","","","","","","","","","","","","","","","1","1","1","","","","","","","","","","1","1","1","","","","","","","","","","","","1","","1","","","","","1","","1","","1","","","1","","","","","1","","","","","","","1","1","1","1","","1","1","1","1","1","","","1","","","1","1","","","1","","","1","1","","1","","","","1","1","1","","1","1","1","1","1","","","","1","1","1","","1","1","1","1","1","1","","1","1","1","1","","1","1","","1","","","1","","1","","","1","1","1","","1","1","","","","1","","","","1","1","1","","","","1","","","","","","","","","","","","","","","","","","","","","","","","","","","","","","","","","","","","","","","","","","","","","","","1","","","","1","1","","","1","","","","","1","1","","1","","1","","","","","","1","","","","","1","","","","",""
"Riverside OP Center at Norwood","","190 Lenox Street","","Norwood","MA","02062","","Norfolk","781-769-8670","https://www.riversidecc.org","42.1891546","-71.1983613","MH","1","1","","","","","","","","","","","","","","","","","","","","","","","","","","1","1","1","1","1","1","1","","1","","","","1","","","","","1","","","","","","","","","","","","","","","","","","","","","","","","","","","","","","","1","1","1","1","","","","","","","","","","","","1","1","","","","1","1","","","","","","","","","","","1","","","1","1","","1","","","","","","1","","1","","","","1","","","","","1","1","","1","1","","","","1","","","","","","","","","","","","","","","","","","","","","1","1","1","1","","","","","","","","","","","","","","","","","","","","","","","","","","","","","","","","","","","","","","","","","","","1","","1","","","","","","","","","","","","","","","","","","","","","","","","","","","","1","","1","1","1","1","","","","","","1","1","1","1","","1","1","1","","1","1","1","1","","1","","","1","1","","","","","","","","","","1","","1","","","","","","","","","1","","","1","","","","","","","","","","","","","","","","","","","","","","","","",""
"Riverside OP Center at Norwood","","190 Lenox Street","","Norwood","MA","02062","","Norfolk","781-769-8670","https://www.riversidecc.org","42.1891546","-71.1983613","SU","","1","","","","1","","1","1","1","1","","","","","","","","","","","","","","","","","","","","1","","","","","1","1","1","","1","","","","","1","","","","","1","","","1","","","","","","","","","","","","1","","1","","","","","","","","","1","1","","1","1","","","","","","","","","","","","","","","1","","1","","","","","","","","1","1","","1","","","","","","","","","","","","1","","1","","","","","1","","","","1","1","","1","1","","","","1","","","","","","","1","1","1","1","1","","1","1","1","1","","","1","","","1","1","","1","1","","","1","1","","","","1","1","1","1","","","","","","1","","","","1","","1","1","1","1","1","","","","","1","1","","1","1","1","1","1","","1","","1","","","","","","","1","1","","1","1","","","","1","","","","1","","1","","","","","","","","","","","","","","","","","","","","","","","","","","","","","","","","","","","","","","","","","","","","","1","","","","","","","","","","","","","1","","1","","","","","","","","","","","","","","","","","","","","","","","","",""
"JRI Behavioral Health Center","Salem","110 Boston Street","","Salem","MA","01970","","Essex","978-744-7905","https://jri.org/services/community/childrens-friend-and-family-services","42.521064","-70.9125602","MH","1","1","","","","","","","","","","","","","","","","","","","","","","","1","","","1","1","1","1","1","1","1","","1","","","1","","","","","","1","","","","","","","","","","","","","","","","","","","","","","","","","","","","","","1","1","1","","1","","","","","","1","","","","","","","","","","","1","1","","","","","1","","","","","","1","","1","1","1","","1","","1","","","","","","","","","","1","","","","","","","","1","1","","","","1","","","","","","","","","","","","","","","","","","","","","1","1","1","1","","","","","","","","","","","","","","","","","","","","","","","","","","","","","","","","","","","","","","","","","","","1","","1","","","","","","","","","","","","","","","","","","","","","","","","","","","","","","","","","","","","","","","","","","","","","","","","","","","","","","","","","","","","1","","","","","","","1","","1","","","","","","","","","","","1","","","","","","","","","","","","","","","","","","","","","","","","","",""
"JRI Behavioral Health Center","Salem","110 Boston Street","","Salem","MA","01970","","Essex","978-744-7905","https://jri.org/services/community/childrens-friend-and-family-services","42.5211317","-70.9126204","SU","","1","","","","","","","","","","","","","","","1","","","","","","","","","","","","","","1","","","","","1","1","1","1","","","","","","1","","","","","","","","1","","","","","","","","","","","","1","1","1","","1","","","","","","1","1","1","1","1","","","","","","","","","","","1","","","","","","","1","","","","","","1","","","","","1","","","","","","","","1","","","","","","","","","","","","","","","","","","1","1","","","","1","","","","","","","1","1","1","1","1","","1","","1","","","","","","","","","","1","1","","","1","","","","","1","","","1","","","","","","","","","","1","1","1","","1","1","1","","","","","","","","","","","","","","1","","1","","","1","","","1","","1","","1","","","","","","","","","1","","","","","","","","","","","","","","","","","","","","","","","","","","","","","","","","","","","","","","","","","","","","","","","1","","","","","","","","","","","","","1","1","","","","","","","","","","","","","","","","","","","","","","","","","",""
"Edinburg Center Inc","","205 Burlington Road","","Bedford","MA","01730","","Middlesex","781-862-3600","https://www.edinburgcenter.org/","42.5018766","-71.237769","MH","1","1","","","","","","","","","","","","","","","","","","","","","","","","","1","1","1","1","1","1","1","1","","1","","","","1","","","","1","1","","","","","","","","","","","","","","","","","","","","","","","","","","","","","","1","1","1","","1","1","1","1","","","1","","","","1","","","1","","","1","1","1","1","","","","1","","","","","","1","","","1","1","","1","1","1","","1","","1","1","1","","","1","1","","1","","","1","1","1","1","1","1","1","","1","1","","","","","","","","","","","","","","","","","","","","1","1","1","1","","","","","","","","","","","","","","","","","","","","","","","","","","","","","","","","","","","","","","","","","","","1","","1","","","","","","","","","","","","","","","","","","","","","","","","","","","","1","","","1","1","","","","","1","","1","","","","1","","","1","","","","1","","","","","","1","","","","1","","","","","","","1","","1","","","","","","","","","","","","","1","","","1","","1","1","1","1","","","1","","","","","1","1","","1","","","1","",""
"Forrest Behavioral Health","","4 Preston Court","Unit 101","Bedford","MA","01730","","Middlesex","781-570-5781","https://www.forrestbh.com/","42.482756","-71.2638649","MH","1","1","","","","","","","","","","","","","","","","","","","","","","1","","","","1","","1","1","1","1","1","","","","","","1","","","","1","1","","","","","","","","","","","","","","","","","","","","","","","","","","","","","","1","","","","1","1","","","","","","","","","","","1","","","","","","1","1","1","1","","1","","","","","","1","","","","","","1","","","","1","1","1","","","1","1","","","","","","","","","","","","","","","1","","","","","","","","","","","","","","","","","","","","","","1","","1","","","","","","","","","","","","","","","","","","","","","","","","","","","","","","","","","","","","","","","","","","1","","","1","","","","","","","","","","","","","","","","","","","","","","","","","","","","","","","","","","","","","","","","","","","","","","","","","","","","1","","","","","","","","","1","","","","","","","","1","","","","1","","","","","","","","","1","","","","","","","","","","","","","","","","","","","","","","","",""
"Forrest Behavioral Health","","4 Preston Court","Unit 101","Bedford","MA","01730","","Middlesex","781-570-5781","https://www.forrestbh.com/","42.482756","-71.2638649","SU","","1","","","","","","","1","","","","","","","1","","","","","","","","","","","","","","","1","","","","","1","1","1","","1","","","","","1","","","","","1","1","1","1","","","","","","","","","","","","1","1","","","1","","","","","","1","","","","1","1","","","","","","","","","","","","","","","","","1","1","1","1","1","","","","1","1","","1","1","1","","","","","","1","","","","1","","1","","","","","1","","1","","","","","","","","","","1","","","","","","","","1","1","1","","1","1","1","1","1","1","","1","","","1","1","","1","1","","","1","","","1","","1","1","1","1","","","","","","","","1","","1","1","1","1","1","1","1","","1","","","","","","1","","","","","1","","","1","","","","","","1","","","1","","","","","","","","1","","1","1","1","1","","","","","","","","","","","","","","","","","","","","","","","","","","","","","","","","","","","","","","","","","","","","1","","","","","","","","","1","","","","","","","1","","","","","","","","","","","","","","","","","","","","","","","",""
"VK New England Management LLC","Lawrence Medical Center/Peabody","6 Essex Center Drive","Suite 303","Peabody","MA","01960","","Essex","978-532-1730","https://lawrencemedicalcenter.net/","42.5390006","-70.9503962","SU","","1","1","","","1","1","1","1","1","1","","","","","","1","","","","","","","","","","","","","","1","","","","","1","1","1","","1","","","","","1","","","","1","1","","","1","","","","","","","","","","","","1","1","1","","","","","","","","1","1","1","1","1","1","","","","","","","","","","","","","","","","1","1","1","1","1","1","1","","1","1","1","1","1","1","1","","","","","","1","","","","1","","","","","","","1","","1","","1","","","1","","","","","1","","1","","","","1","","1","1","1","","1","1","","","1","","","1","","","1","1","","1","1","","","1","","","","","1","1","1","","","","","1","1","1","","1","","1","1","1","","1","1","","1","","","","","1","","1","1","1","1","","1","","","1","1","","1","","","1","1","1","","1","1","1","1","1","1","1","","","","1","","1","1","","","","","","","","","","","","","","","","","","","","","","","","","","","","","","","","","","","","","","","","","","","1","","1","","","","","","","1","","","","","","","1","","","","1","","","","","","","","","","","","","","","","","","","",""
"VK New England Management LLC","Lawrence Medical Center/Peabody","6 Essex Center Drive","Suite 303","Peabody","MA","01960","","Essex","978-532-1730","https://lawrencemedicalcenter.net/","42.5390006","-70.9503962","MH","1","1","","","","","","","","","","","","","","","","","","","","","","","1","","","1","","","1","","1","","","1","","","","1","","","","","1","","","","","","","","","","","","","","","","","","","","","","","","","","","","","","1","1","1","1","1","1","","","","","","","","","","","","","","","","1","1","1","1","1","1","1","","","","","1","1","","","","1","1","1","1","1","1","","1","1","1","1","1","1","1","1","1","1","1","","1","1","1","1","1","","","","1","","","","","","","","","","","","","","","","","","","","","","1","","1","","","","","","","","","","","","","","","","","","","","","","","","","","","","","","1","","","","","","","","","","","","1","","","1","","","","","","","","","","","","","","","","","","","","","","","","","","","","","","","","","","","","","","","","","","","","","","","","","","","","","","","","","","","","","","","","","","","1","","","","","","","","","","","","","","","1","","","","","","","","","","","","","","","","","","","","","","","",""
"East Coast Recovery","","215 Chief Justice Cushing Highway","","Cohasset","MA","02025","","Norfolk","781-400-8018","https://www.eastcoastrecovery.com","42.2407926","-70.8305069","SU","","1","","","","1","","1","1","1","1","","","","","","1","","","","","","","","","","","","","","1","","","","","1","1","1","","1","","","","","1","","","","","1","1","1","1","","","","","","","","","","","","1","","","","1","","","","","","1","1","","1","1","1","","","","","","","","","","","","","","","","","1","","","","","","","","","","","","","","","","","","","","","","","1","","1","","","","","1","","","","1","1","","1","1","","","","1","","","","","","","","1","1","1","1","1","1","1","1","1","1","","1","","","1","1","","1","1","","","1","1","","1","","1","1","1","1","1","","","1","1","1","1","1","","1","1","1","1","1","1","","1","1","1","1","1","1","","1","1","1","1","1","1","","","1","1","1","","","","1","1","","1","","1","1","1","1","1","","1","","1","1","1","1","","","","","","","","","","","","","","","","","","","","","","","","","","","","","","","","","","","","","","","","","","","","1","","1","","","","","","","1","1","1","","","","","1","","","","","","","","","","","","","","","","","","","","","","","",""
"Meta Addiction Treatment","","55 Concord Street","","North Reading","MA","01864","","Middlesex","978-776-3206","https://www.metaaddictiontreatment.com","42.5604389","-71.1239575","MH","1","1","","","","","","","","","","","","","","","","","","","","","","","","","1","1","","1","1","1","1","1","","","","","","1","","","","1","1","","","","","","","","","","","","","","","","","","","","","","","","","","","","","","1","","","1","1","","","","","","","1","","","","","","","","","","","1","","","","","","","","","","","1","","","","","","1","","","1","","","1","","","1","","","","","","","","","","","","","","","","","","","","","","","","","","","","","","","","","","","","","","1","","1","","","","","","","","","","","","","","","","","","","","","","","","","","","","","","","","","","","","","","","","","","1","","","1","","","","","","","","","","","","","","","","","","","","","","","","","","","","","","","","","","","","","","","","","","","","","","","","","","","","","","","","","","","","","","","","","","","","","1","","","","","","","","","","","","","1","","","","","","","","","","","","","","","","","","","","","","","",""
"Meta Addiction Treatment","","55 Concord Street","","North Reading","MA","01864","","Middlesex","978-776-3206","https://www.metaaddictiontreatment.com","42.5604389","-71.1239575","SU","","1","","","","","","","1","1","","","1","","","","1","","","","","","","","","","","","","","1","","","","","1","1","1","","1","","","","","1","","","","","1","1","1","1","","","","","","","","","","","","1","","","","1","","","","","","1","","","1","1","1","","","","","","","","","","","","","","","","","1","1","1","1","1","1","","","1","1","1","1","1","1","","","","","","1","","","","1","","1","","","","","","","","","1","1","","","","","","","1","","","","","","","","1","1","","","1","1","1","1","","1","","1","","","1","1","","1","1","","","1","","","","","1","1","1","1","","","","","1","1","","1","","1","1","1","1","1","1","","","1","1","","","1","","1","1","1","1","","1","","","1","","1","","","","1","1","","1","","1","","","","1","1","","","1","1","1","1","","","","","","","","","","","","","","","","","","","","","","","","","","","","","","","","","","","","","","","","","","","","1","","","","","","","","","","","","","1","","","1","","","","","","","","","","","","","","","","","","","","","","","",""
"Brandon Residential Treatment Ctr","","27 Winter Street","","Natick","MA","01760","","Middlesex","508-655-6400 x204","https://www.brandonschool.org","42.3193149","-71.3380406","MH","1","","","","","","","","","","","","","","","","","","","","1","","","","","","","1","1","1","1","1","1","1","","","","","1","","","","1","","","","","","","","","","","","","","","","","","","","","","","","","","","","","","","","1","1","","","1","1","1","1","1","1","","","","","","","","","","","","1","","","","","1","","","","","","","","","","1","","","1","","","","","","1","","","","1","1","1","","","","","","","1","","","","","","","","","","","","","","","","","","","","","","","","","","","1","","1","","","","","","","","","","","","","","","","","","","","","","","","","","","","","","","","","","","","","","","","","","","","1","","","","","","","","","","","","","","","","","","","","","","","","","","","","","","","","","","","","","","","","","","","","","","","","","","","","","","","","","","","","","","","","","","","","","1","","1","","","","","","","","","","","1","","","","","","","","","","","","","","","","","","","","","","","","","",""
"Chapters Recovery Center Inc","","85 Constitution Lane","Suite 200-A","Danvers","MA","01923","","Essex","978-719-1864","https://Chaptersrecoverycenter.com","42.555348","-70.937544","SU","","1","","","","","","","1","1","1","","","","","","1","","","","","","","","","","","","","","1","","","","","1","1","1","","1","","","","","1","","","","","1","1","1","1","","","","","","","","","","","","1","","1","","1","","","","","","1","","","1","1","1","","","","","","","","","","","","","1","1","","","1","1","1","1","1","1","","1","1","1","1","1","1","1","","","","","","1","","","","1","","1","","","","","1","","","","","1","","1","","","","","1","","","","","","","1","1","1","1","1","1","1","1","1","1","1","1","1","","","1","1","","1","1","","","1","1","1","1","","1","1","1","1","1","","","1","1","1","","1","1","1","1","1","1","1","1","1","","1","1","1","1","1","","1","1","1","1","1","1","","","","1","1","","","","1","1","","1","","1","","","1","1","1","1","","1","1","","1","","1","","","","","","","","","","","","","","","","","","","","","","","","","","","","","","","","","","","","","","","","","","1","","","","","","","","1","","","","","","","","1","","","","","","","","","","","","","","","","","","","","","","","",""
"Chapters Recovery Center Inc","","85 Constitution Lane","Suite 200-A","Danvers","MA","01923","","Essex","978-719-1864","https://Chaptersrecoverycenter.com","42.555348","-70.937544","MH","1","1","","","","","","","","","","","","","","","","","","","","","","1","","","","1","1","1","1","1","1","1","","1","","","","1","","","","1","1","","","","","","","","","","","","","","","","","","","","","","","","","","","","","","1","","","","1","","","","","","","","","","","","","","1","1","","","","","","","","","","","","","","","","","","","","","","","","","","1","","","","","","","","","","","","","","1","","","","","1","","","","","","","","","","","","","","","","","","","","","","1","","1","","","","","","","","","","","","","","","","","","","","","","","","","","","","","","","","","","","","","","","","","","1","","","","","","","","","","","","","","","","","","","","","","","","","","","","","","","","","","","","","","","","","","","","","","","","","","","","","","","","","","","","","","","","","","","","","","","","1","","","","","","","","","","","","","1","","","","","","","","","","","","","","","","","","","","","","","",""
"Mayflower Recovery Center","CSS","362 Middlesex Avenue","","Wilmington","MA","01887","","Middlesex","978-737-7937","https://www.mayflowerrecovery.com","42.5693248","-71.1599371","SU","","1","","","","1","","","1","1","","","","","","","1","","","","","","","","","","","","","","1","","","","","","1","1","","1","","1","1","","","1","","","","","","","","","1","","","","","","","","","","1","","","","1","","","","","","1","","","","1","","","","","","","","","","","","","","","","1","1","","1","","","1","","","","","","1","","","","","","","","","","","","","1","","1","","","","","1","","","","1","1","","1","","","","","1","","","","","","","","1","1","","","1","1","1","1","1","1","","1","","","1","1","","1","1","","","1","","","1","","","1","1","1","1","","","","1","1","1","1","","","1","1","1","1","1","","1","1","1","1","","1","","1","","1","1","","1","","","1","","1","","","","1","1","","1","","1","","","","1","","","","1","1","","","","","","","","","","","","","","","","","","","","","","","","","","","","","","","","","","","","","","","","","","","","","","1","","","","","","1","","","1","1","1","","1","","","1","","","","","","","","","","","","","","","","","","","","","","","",""
"Mayflower Recovery Center","Acute Treatment Services/Detox","362 Middlesex Avenue","","Wilmington","MA","01887","","Middlesex","978-737-7937","https://www.mayflowerrecovery.com","42.5693248","-71.1599371","SU","","1","1","","","1","1","","1","1","1","","","","","","1","","","","","","","","","","","","","","1","","","","","","1","1","","1","","1","1","","","1","","","","","","","","1","1","","","","","","","","","","1","","","","1","","","","","","1","","","","1","","","","","","","","","","","","","","","","1","1","1","1","1","1","1","1","","","1","1","1","1","1","1","","","","","","","","","","1","","1","","","","","1","","1","","1","","","1","1","","","","1","","1","1","1","","1","","1","1","1","","1","1","1","1","1","1","","1","","","1","1","","1","1","","","1","","","1","","","1","1","1","1","","","","1","1","1","","","","1","1","1","1","1","1","1","","1","1","","1","","1","1","","1","","1","","","","","","1","","","1","1","1","","1","1","","","","1","1","1","1","1","1","","","1","","","","","","","","","","","","","","","","","","","","","","","","","","","","","","","","","","","","","","","","","","","","","","","","1","1","","","1","1","1","","","","","1","","","1","1","","1","","1","","","","","","","","","","","1","","","","",""
"Recovery Centers of America","Danvers","75 Lindall Street","","Danvers","MA","01923","","Essex","978-223-9300","https://www.recoverycentersofamerica.com","42.5734876","-70.9433618","MH","1","1","","","","","","","","","","","","","","","","","","","","","","","","","1","1","1","1","1","1","1","1","","1","","","","1","","","","1","","","","","","","","","","","","","","","","","","","","","","","","","","","","","","","1","1","","","1","","","","","","1","","","","","","","","","","","","","","","","","","","","","","","","","","","","","","","","","","","1","","","1","1","","1","","","","","1","1","","1","1","","","","1","","","","","","","","","","","","","","","","","","","","","","1","","1","","","","","","","","","","","","","","","","","","","","1","","","","","","","","","","1","","","1","","","","","","","","","1","","","","","","","","","","","","","","","","","","","","","1","","","","","","","","","","","","","","","","","","","","","","","","","","","","","","","","","","1","","","","","","","","","","","","","","","","","1","","","","","","","1","1","1","","","","1","","","","","","","","","","","","","","","","","","","","","","","",""
"Recovery Centers of America","Danvers","75 Lindall Street","","Danvers","MA","01923","","Essex","978-223-9300","https://www.recoverycentersofamerica.com","42.574774","-70.9439059","SU","","1","1","1","1","1","1","1","1","1","1","1","","","","","1","","1","","","","","","","","","","","","1","","","","","1","1","1","","1","","","1","","1","1","","1","","1","1","1","","","","","","","","","","","","","1","","1","","1","1","","","","","1","1","","","1","","","","","","","","","","","","","","","","1","1","1","","","","","1","","1","1","1","","1","","","","","","","","1","","","","1","","1","","","","","1","","","","1","1","","1","1","","","","1","","1","1","1","1","1","","1","1","1","","1","1","","1","1","1","","1","","","1","1","","1","1","","","1","1","","1","","1","1","1","1","1","1","1","","1","1","1","","","1","1","1","1","1","1","1","1","1","1","1","","1","1","1","1","1","1","1","1","","","1","1","1","1","","","1","1","1","1","1","1","1","","","1","","","1","1","1","","","1","","","","","","","","","","","","","","","","","","","","","","","","","","","","","","","","","","","","","","","","","","","1","","1","","","1","1","","","1","1","1","","","","","1","","","","1","","","","","","","","","","","","","","","","","","","",""
"Lahey Health Behavioral Services","Methadone Program","111 Middleton Road","","Danvers","MA","01923","","Essex","978-777-2121 x7677","https://www.bilhbehavioral.org","42.5867649","-70.976738","SU","","1","","1","","","","1","","1","","1","","","","","1","","1","","","","","","","","","","","","1","","","","","1","1","1","","1","","","","","1","","","","","1","","","1","","","","","","","","","","","","1","","1","","","1","","","","","1","1","1","1","1","","","","","","","","","","","1","","","","","1","","1","","","","","","","1","1","","","1","","","","","","","","1","","","","1","","","","","","","","","","","1","1","","1","","","","","1","","","","","","","","1","1","1","1","","1","","1","","","","1","","","1","1","","1","1","","","1","","","1","","","1","1","1","","1","","","1","1","","","","","1","1","","1","1","1","","1","1","1","","1","1","","","","","","","1","","","","","1","1","","","","","","","","","","","","","1","","1","1","","","","","","","","","","","","","","","","","","","","","","","","","","","","","","","","","","","","","","","","","","","","","","","","","","","1","1","","","","1","1","","","","","1","1","","","1","","","","","","","","","","","","","","","","","","","",""
"Lahey Health Behavioral Services","Beverly Clinic","800 Cummings Center","Suite 266-T","Beverly","MA","01915","","Essex","978-921-1190","https://www.nebhealth.org","42.5609592","-70.8873378","MH","1","1","","","","","","","","","","","","","","","","","","","","","","","1","","","1","1","1","1","1","1","1","","1","","","","1","","","","","1","","","","","","","","","","","","","","","","","","","","","","","","","","","","","","1","1","1","1","1","1","1","1","1","","1","","","","","","1","","","","","","1","1","","","","","","","","","","1","","","1","1","","1","","1","1","","","","","","1","","","1","","","","","","1","","1","1","","","","1","","","","","","","","","","","","","","","","","","","","","1","1","1","1","","","","","","","","","","","","","","","","","","","","","","","","","","","","","","","","","","","","","","","","","","","1","","1","","","","","","","","","","","","","","","","","","","","","","","","","","","","","","","","","","","","","","","1","","","","1","","1","1","","1","1","1","1","","","","","","","","","1","","","","","","","1","","1","","","","","","","","","","","","","1","","","","","","","","","","","","","","","","","","","","","","","",""
"Middlesex Recovery Stoughton","","966 Park Street","Suite B-3","Stoughton","MA","02072","","Norfolk","781-633-6785","https://www.middlesexrecovery.com/locations/stoughton/","42.1116024","-71.0723869","SU","","1","1","","","1","1","1","1","1","1","","","","","","1","","","","","","","","","","","","","","1","","","","","1","1","","1","","","","","","1","","","","1","1","","","1","","","","","","","","","","","","1","","","","","1","","","","","1","1","1","1","1","1","","","","","","","","","","","","","","","","","","","","","","","","","","","","","","","","","","","","","","","","1","","","","","","","1","","","","1","1","","1","","","","","1","","1","1","","","1","","1","1","","","","","","1","","","","","","","1","1","","1","1","","","","1","","","","","1","1","1","","","","","","","","","","","1","1","","","1","","","1","","","","1","","1","1","1","1","1","1","","","","1","","","","","","1","","","","","","","","","","1","","1","1","","","1","","","","","","","","","","","","","","","","","","","","","","","","","","","","","","","","","","","","","","","","","","","","","","","","","1","","","","","","","","1","","","","","","1","","","","","","","","","","","","","","","","","","","",""
"EMH Recovery Inc","Edwina Martin Recovery House","678 North Main Street","","Brockton","MA","02301","","Plymouth","508-583-0493","https://www.emhouse.org","42.1005975","-71.0215007","SU","","1","","","","","","","1","","","","1","1","","","","","","","","","","","","","","","","","1","","","","","1","1","1","","1","","","1","","","","1","","","","","","","","","","","","","","","","","","1","","","","","","","","","","","1","1","","","","","","","","","","","","","","","","","1","","","1","","","","1","","","1","1","","1","1","1","1","","","","","","","","","","1","","","","","","","1","","","","","","","1","","","","","1","","","","","","","1","1","1","1","","1","","1","1","","","","1","","","1","1","","1","","","","1","","","","","","1","","1","","1","","1","1","1","1","1","","","","1","1","","1","1","","1","1","1","","","","1","","1","","","","1","","","","","","","","1","","1","","1","","","","","","","","","1","","","","","","","","","","","","","","","","","","","","","","","","","","","","","","","","","","","","","","","","","","","","","","","","","","","","","","","","","","","","1","1","","","","","","","","","","","","","","","","","","","","","","","","","",""
"Gosnold Behavioral Health","Stoughton Outpatient","909 Sumner Street","","Stoughton","MA","02072","","Plymouth","508-584-5190","https://www.gosnold.org","42.0998396","-71.0819644","MH","1","1","","","","","","","","","","","","","","","","","","","","","","","","1","","1","1","1","1","1","1","1","","1","","","","1","","","","1","1","","","","","","","","","","","","","","","","","","","","","","","","","","","","","","1","1","1","1","1","1","","","1","","","","","","","","1","","","","1","1","1","","","","","","","","","","","","","","","","","","","1","","","1","1","","1","1","","","1","","","","","1","1","","1","1","","","","1","","","","","","","","","","","","","","","","","","","","","1","1","1","1","","","","","","","","","","","","","","","","","","","","","","1","","","","","","","","","","","","","","","","","","","","","1","","1","","","","","","","","","","","","","","","","","","1","","","","","","","","","","","","","","","","","","","","","","","","","","","","","","","","","","","","","","","","","","","","","","","","","","","1","","","","","","","","","1","","","","1","","","1","","","","","","","","","","","","","","","","1","","","","",""
"Gosnold Behavioral Health","Stoughton Outpatient","909 Sumner Street","","Stoughton","MA","02072","","Plymouth","508-584-5190","https://www.gosnold.org","42.0998396","-71.0819644","SU","","1","","","","1","","1","1","1","1","","","","","","1","","","","","","","","","","","","","","1","","","","","1","1","1","","1","","","","","1","","","","","1","1","1","1","","","","","","","","","","","","1","","1","","1","","","","","","1","1","1","1","1","1","","","","","","","","","","1","","","","","1","1","1","1","1","","1","","","","","","","","","","","","","","","","","","","1","","1","","","","","1","","","","1","1","","1","1","","","","1","","","","","","","1","1","1","1","1","1","1","1","1","1","1","","1","","","","","","1","1","1","","1","1","","1","","1","1","1","1","1","","","1","1","1","1","1","1","1","1","1","","1","1","1","1","1","1","1","","1","","1","1","1","1","1","","1","","1","","1","1","","","1","1","1","1","1","1","","","","1","","1","1","1","1","1","1","","","","","","","","","","","","","","","","","","","","","","","","","","","","","","","","","","","","","","","","","","","","1","","","","","1","","","","1","1","1","","1","","","1","","","1","1","","","","","","","","","","","","","","","1","","","","",""
"NuLife Behavioral Health","","130 Worcester Road","Building 2","Framingham","MA","01702","","Middlesex","508-301-1380","https://nulifebehavioralhealth.com","42.2977503","-71.398639","MH","1","1","","","","","","","","","","","","","","","","","","","","","","1","","","","1","1","1","1","1","1","1","","1","","","","","1","","","1","1","","","","","","","","","","","","","","","","","","","","","","","","","","","","","","1","1","1","","1","","","","","","","","","","","","","","","","","","1","1","1","1","1","1","","","","","1","1","","1","","1","","1","1","","","","","1","","1","1","","1","1","","","","","","","1","","1","","","","","","","","","","","","","","","","","","","","","","","","","","1","","1","","","","","","","","","","","","","","","","","","","","","","","","","","","","","","","","","","","","","","","","","","1","","","","","","","","","","","","","","","","","","","","","","","","","","","","","","","","","","","","","","","","","","","","","","","","","","","","","","","","1","","1","","1","","","","","","","","","","","","1","","","","","","","","","","","","1","","","","","","","","","","","","","","","","","","","","","","","","",""
"Resilience Behavioral Health","","1600 Providence Highway","Suite 100","Walpole","MA","02081","","Norfolk","508-684-2205","https://www.resiliencebehavioralhealthcenters.com","42.1233171","-71.2315272","MH","1","1","","","","","","","","","","","","","","","","","","","","","","1","","","","1","1","1","1","1","1","1","","","","","","1","","","","1","1","","","","","","","","","","","","","","","","","","","","","","","","","","","","","","1","1","","1","1","1","","","","","","","","","1","","","","","","","","1","1","1","1","1","1","","","","","1","1","","","","1","","1","1","1","","1","1","1","","","1","","1","1","","","","","","","","","","","","","","","","","","","","","","","","","","","","","","","","","","","1","","1","","","","","","","","","","","","","","","","","","","","","","","","","","","","","","","","","","","","","","","","","","1","","","1","","","","","","","","","","","","","","","","","","","","","","","","","","","","1","","","1","","","","","","","","1","","","","","","","1","1","","1","1","","","","","","","","","","","","","","","","","1","","1","","","","1","","","","","","","","","1","","","","","","","","","","","","","","","","","","","","","","","",""
"Resilience Behavioral Health","","1600 Providence Highway","Suite 100","Walpole","MA","02081","","Norfolk","508-684-2205","https://www.resiliencebehavioralhealthcenters.com","42.1233076","-71.2315572","SU","","1","","","","1","","1","1","1","","","","","","","1","","","","","","","","","","","","","","1","","","","","1","1","1","","1","","","","","1","","","","","1","1","1","1","","","","","","","","","","","","1","1","","","1","","","","","","1","1","","1","1","1","","","","","","","","","","","","","","","","","1","1","1","1","1","1","","1","1","1","1","1","1","1","","","","","","1","","","","1","","1","","","","","1","","","","","","","1","","","","","","","","","","","","1","1","1","1","1","1","","1","1","1","","","1","","","1","1","","1","1","","","1","","","1","","1","1","1","1","","","","1","1","1","","1","","1","1","1","1","1","1","1","","","1","1","","1","","1","","1","1","","1","","","1","","1","","","","1","1","","1","","","","","","","1","","","1","1","","1","","","","","","","","","","","","","","","","","","","","","","","","","","","","","","","","","","","","","","","","","","","","1","","","","","","","","","","","","","1","","","1","","","","","","","","","","","","","","","","","","","","","","","",""
"Department of Mental Health","Brockton Multi Service Center","165 Quincy Street","","Brockton","MA","02302","2988","Plymouth","508-897-2000","https://www.mass.gov/","42.0898323","-70.9911722","MH","1","1","","","","","","","","","","","","","","","","","","","","","","","","1","","1","","1","1","1","1","1","","1","","","1","","","","1","","1","","","","","","","","","","","","","","","","","1","","","","","","","","","","","","","1","1","1","1","1","","1","","","","","","","","","","","1","1","1","1","1","1","","","","","","","","","","","","","","","1","","","","","","1","1","1","1","1","","","1","1","1","1","1","1","","","1","1","1","1","1","","1","1","","","","","","","","","","","","","","","","","","","","","1","","1","","","","","","","","","","","","","","","","","","","","","","","","","","","","","","","","","","","","","","","","","","","","","1","","","","","","","","","","","","","","","","","","","","","","","","","","","","1","","1","1","","1","","","","1","1","1","","","1","1","","1","1","1","1","1","1","1","","","","","","","","","","","","","","","","1","","1","","","","","","","","","","","1","","","","","1","","","1","","1","","","","","","","","","","","1","","","","",""
"Uplift Behavioral Health Services","","201 Quincy Street","","Brockton","MA","02302","","Plymouth","508-313-9994","https://www.upliftbhs.org","42.0881765","-70.9883526","MH","1","1","","","","","","","","","","","","","","","","","","","","","","","1","","","1","1","1","1","1","","1","","1","","","1","","","","","","1","","","","","","","","","","","","","","","","","","","","","","","","","","","","","","1","1","1","1","1","","","","","","","","","","","","","1","1","","1","1","1","1","1","1","1","1","","","","","1","1","","","1","1","1","1","1","1","1","1","1","1","1","1","1","1","1","1","1","1","1","1","","","1","","1","1","1","1","","1","","","","","","","","","","","","","","","","","","","","1","1","1","1","","","","","","","","","","","","","","","","","","","","","","","","","","","","","","","","","","","","","","","","","","1","","","1","","","","","","","","","","","","","","","","","","","","","","","","","","","","","","","","","","","","","","","","","","","","","","","","","","","","","","","","","","","","","","","","","","","","","1","","","","1","","","","","","","1","","","","","1","","1","1","","1","","","","","","","","","","","1","","","1","",""
"Uplift Behavioral Health Services","","201 Quincy Street","","Brockton","MA","02302","","Plymouth","508-313-9994","https://www.upliftbhs.org","42.0881765","-70.9883526","SU","","1","","","","1","","1","1","1","","","","","","","1","","","","","","","","","","","","","","1","","","","","1","1","1","1","","","","","","1","","","","","1","","","1","","","","","","","","","","","","1","1","1","","1","","","","","","1","1","1","1","1","","","","","","","","","","","","","","1","","","1","","","","","","","","","","","","","","","","","","","","","","","","1","","1","","","","","1","","","","","1","","","1","","","","1","","","","","","","1","1","","1","1","1","1","1","1","1","1","1","1","","","","","","1","1","","","","","","","","1","1","","1","","1","","1","1","","","","","1","1","1","","1","1","1","","1","1","","","1","","1","1","","1","","1","","","1","1","","","","","","1","","","","","","","","","","","","","1","1","","","1","","","","","","","","","","","","","","","","","","","","","","","","","","","","","","","","","","","","","","","","","","1","","","","","","1","","","","","","","1","1","","","","","1","","1","","","","","","","","","","","","","","","","","","",""
"Wayside Youth/Fam Support Ntwk","","1 Frederick Abbott Way","","Framingham","MA","01701","","Middlesex","508-879-9800","https://www.waysideyouth.org","42.2996401","-71.4164159","MH","1","","","","","","","","","","","","","","","","","","","","1","","","","","","","1","1","1","1","1","","1","","1","","","1","","","","1","1","","","","","","","","","","","","","","","","","","","","","","","","","","","","","","","1","","1","1","1","","1","1","","1","","","","","","","","","","","1","1","","","","","","","","","","","","1","","","1","","","1","","","","","","1","","1","1","","1","1","","","","","","1","1","","1","","","","","1","","","","","","","","","","","","","","","","","","","","1","","1","","","","","","","","","","","","","","","","","","","","","","","","","","","","","","","","","","","","","","","","","","","","1","","1","","","","","","","","","","","","","","","","","","1","","","","","","","","","","","","","","","","","","","","","1","","","","1","","","1","1","","1","1","1","","","","","","","","","","","","","","","","1","","1","","","","","","","","","1","","1","","","","","1","","","1","","","","","","","","","","","","","1","","","","",""
"Brockton Comprehensive Treatment","Center","180 Centre Street","","Brockton","MA","02302","","Plymouth","508-502-7584","https://www.ctcprograms.com/location/brattleboro-comprehensive-treatment-center/","42.0843627","-71.013847","SU","","1","","1","","1","","1","1","1","1","1","","","","","","","1","","","","","","","","","","","","1","","","","","1","1","","1","","","","","","1","","","","","1","","1","1","","","","","","","","","","","","1","","1","","","1","","","","","1","1","1","","1","1","","","","","","","","","","","","","","","1","1","","","","","","","","","","","","","","","","","","","","","","","","","","1","","","","","","","","","","","","1","","","","","1","","","","","","","","1","1","","","","","","1","","","","1","","","1","1","","1","1","","","1","1","","1","","1","1","1","1","","","","","1","1","","1","","1","1","1","","1","1","","","1","1","1","","1","1","1","","1","1","1","1","","","1","","","","","","","1","","","","","","","","","","","","1","1","1","","","","","","","","","","","","","","","","","","","","","","","","","","","","","","","","","","","","","","","","","","","","","","","","","","1","1","","","1","","","","1","1","","","","","","1","","","","","","","","","","","","","","","","","","","",""
"Mentor South Bay","","103 Commercial Street","3rd Floor","Brockton","MA","02302","","Plymouth","508-580-4691","https://www.mentorsouthbay.com","42.0828293","-71.0157431","MH","1","1","","","","","","","","","","","","","","","","","","","","","","","1","","","1","1","1","1","1","1","1","","1","","","1","","","","","","1","","","","","","","","","","","","","","","","","","","","","","","","","","","","","","1","1","1","1","1","","1","","","","","","","","","","","","","","1","1","1","1","","1","1","1","","","","","1","1","","1","1","1","","1","1","1","1","1","","","","","1","","","1","","","","","","","1","1","1","","","","1","","","","","","","","","","","","","","","","","","","","","1","1","1","1","","","","","","","","","","","","","","","","","","","","","","","","","","","","","","","","","","","","","","","","","","1","","","1","","","","","","","","","","","","","","","","","","","","","","","","","","","","","","","","","","","","","","","","","","","","","","","","","","","","","","","","","","","","1","","","","","","","1","","1","","","","","","","","","","","1","","","","","1","","","1","","","","","","","","","","","","","1","1","","","",""
"Mentor South Bay","","103 Commercial Street","3rd Floor","Brockton","MA","02302","","Plymouth","508-580-4691","https://www.mentorsouthbay.com","42.0828293","-71.0157431","SU","","1","","","","","","","","1","","","","","","","1","","","","","","","","","","","","","","1","","","","","1","1","1","1","","","","","","1","","","","","","","1","1","","","","","","","","","","","","1","1","1","","","1","","","","","1","1","1","1","1","1","","","","","","","","","","","","","","","","1","1","1","","1","1","1","1","1","1","1","1","1","1","1","","","","","","1","","","","","","","","","","","","","","","","","","1","1","","","","1","","","","","","","","1","1","1","1","","1","","1","1","","","1","","1","","","","1","1","","","1","","","","","","1","","1","","","","","","","","","","1","1","1","","1","1","1","","","","","","1","","","","","","","1","","","1","","1","1","","","1","1","1","1","1","1","","","","1","1","","","","1","","","","","","","","","","","","","","","","","","","","","","","","","","","","","","","","","","","","","","","","","","","","","","1","","","","","","","","","","","","","1","1","","","","","1","","","1","","","","","","","","","","","","","1","1","","","",""
"Gandara Mental Health Center","Brockton Outpatient Clinic","142 Crescent Street","Suite A","Brockton","MA","02302","","Plymouth","508-232-6670 x6701","https://www.gandaracenter.org","42.0814089","-71.0158849","SU","","1","","","","","","","","","","","","","","","1","","","","","","","","","","","","","","1","","","","","1","1","1","1","","","","","","1","","","","","","","","1","","","","","","","","","","","","1","1","1","","","","","1","","","1","1","","","1","","","","","","","","","","","","","","1","","","1","1","1","","","","1","1","1","1","1","1","1","1","1","","","","","","1","","","","1","","1","","","","","","","","","","","","1","1","","","","1","","","","","","","1","1","1","1","","","1","","1","1","","","1","","","","","","1","1","","","1","","","","","1","1","","1","","","","","1","1","","1","","1","1","1","","1","1","1","","","1","","","","","","","","","","","1","","1","","","1","","","1","","1","","1","","","","","","1","","","1","","1","","","","","","","","","","","","","","","","","","","","","","","","","","","","","","","","","","","","","","","","","","","","","1","","","","","","","","","","","","","1","1","","","","","1","","","1","","","","","","","","","","","","","1","","","","",""
"Gandara Mental Health Center","Brockton Outpatient Clinic","142 Crescent Street","Suite A","Brockton","MA","02302","","Plymouth","508-232-6670 x6701","https://www.gandaracenter.org","42.0814089","-71.0158849","MH","1","1","","","","","","","","","","","","","","","","","","","","","","","1","","","1","1","","1","1","1","","","1","","","1","","","","","","1","","","","","","","","","","","","","","","","","","","","","","","","","","","","","","1","1","1","1","1","","","","","","","","","","","","1","","1","","1","1","","","","","","","","","","","","","","","","","","","","","","","","1","","1","1","","","1","","","","","","","","1","1","","","","1","","","","","","","","","","","","","","","","","","","","","1","1","1","1","","","","","","","","","","","","","","","","","","","","","","","","","","","","","","","","","","","","","","","","","","","1","","1","","","","","","","","","","","","","","","","","","","","","","","","","","","","","","","","","","","","","","","","","","","","","","","1","","","1","1","","","","","","","","","","","","","","","","1","","","","","","1","","","","","","","1","","","","","1","","","","","","","","","","","","","","","","1","","","","",""
"New Horizons Medical","","214 Howard Street","","Framingham","MA","01702","","Middlesex","508-872-0700","https://www.newhorizonsmedical.org","42.2780929","-71.4138448","MH","1","1","","","","","","","","","","","","","","","","","","","","","","","1","","","1","1","1","1","1","1","1","","1","","","1","","","","","","1","","","","","","","","","","","","","","","","","","","","","","","","","","","","","","1","1","1","1","1","1","1","1","1","1","1","1","","","1","","","","","","","1","1","1","1","1","1","1","","","","","1","1","","","","1","1","1","1","1","1","1","1","","1","1","1","1","1","1","","1","","","1","","1","1","1","","","1","1","1","","","","","","","","","","","","","","","","","","","","","1","","1","","","","","","","","","","","","","","","","","","","","","","1","","","","","","","","","","","","","","","","","","","","1","","1","1","","","","","","","","","","","","","","","","","","","","","","","","","","","","","","","","","","","","","","","","","","","","","","","","","","","","","","","","","","","","","","","","","","","1","","1","","","","1","","","","","1","","1","","","","","","","","","","","","","","","","","","","","","","","","","",""
"New Horizons Medical","","214 Howard Street","","Framingham","MA","01702","","Middlesex","508-872-0700","https://www.newhorizonsmedical.org","42.2780929","-71.4138448","SU","","1","","","","1","","1","1","1","1","","","","","","1","","","","","","","","","","","","","","1","","","","","1","1","1","1","","","","","","1","","","","","1","","","1","","","","","","","","","","","","1","1","1","","","","","","","","1","1","1","1","1","1","","","","","","","","","","","","","","","1","1","1","1","1","1","1","1","","1","1","1","1","1","1","1","","","","","","1","","","","1","","1","","","","","","","","","","1","","1","1","","","","1","","","","","","","1","1","1","1","1","1","1","1","","1","1","","1","","","1","1","","1","1","","","1","1","","1","","1","1","1","1","","","","","1","1","","","","1","1","1","","1","1","1","","1","1","","","1","","1","1","1","1","1","1","","1","1","1","","","","","1","1","","1","","1","","","","1","","1","","1","1","","","","","","","","","","","","","","","","","","","","","","","","","","","","","","","","","","","","","","","","","","","","","","1","","","","","","1","","1","1","","","","1","1","","","","","","1","","","","","","","","","","","","","","","","","","","",""
"New England Aftercare Ministries Inc","The Bridge House","18 Summit Street","","Framingham","MA","01702","","Middlesex","508-872-6194 x114","https://www.thebridgehouse.org","42.2731728","-71.4119851","SU","","1","","","","","","","1","","","","1","","","","1","","","","","","","","","","","","","","1","","","","","1","1","1","","1","","","1","","","","1","","","","","","","","","","","","","","","","","","1","","","","","","","","","","","","","1","","","","","","","","","","","","1","","","","1","1","1","","","","","","","","","","1","","1","","","","","","","","","","","","1","","","","","","","1","","1","","","","","1","1","","","","1","","","","","","","1","1","1","","","1","1","1","1","1","1","1","1","","","1","1","","","1","","","1","","1","1","","","1","1","1","","","1","1","1","1","","","","1","1","1","1","1","1","1","","1","1","1","","","","","","","","","","1","","1","1","1","","","","1","","","1","","","","","","","","1","","1","1","","","","1","","","","","","","","","","","","","","","","","","","","","","","","","","","","","","","","","","","","","","","","","","","","","","","","","","","","","","","1","","","1","","","","","","","","","","","","","","","","","","","","","","","",""
"Recovery Services LLC","DBA Elevate Recovery","267 Boston Road","Building B, Suites 22-24","North Billerica","MA","01862","","Middlesex","877-592-2102","https://www.elevaterecoveryma.com","42.5752475","-71.2833376","MH","1","1","","","","","","","","","","","","","","","","","","","","","","1","","","","1","1","1","1","1","1","1","","1","","","","1","","","","1","1","","","","","","","","","","","","","","","","","","","","","","","","","","","","","","1","1","","","1","","","","","","","","","","","","","","","","","1","1","","","","","1","","","","","","","","","1","1","","","","1","1","","","1","","1","1","1","","1","","","","","1","1","1","1","","","","","1","1","","","","","","","","","","","","","","","","","","","","1","1","1","1","","","","","","","","","","","","","","","","","","","","","","","","","","","","","","","","","1","","","","","","","","","1","","","1","","","","","","","","","","","","","","","","","","","","","","","","","","","","","","","","","","","","","","","","","","","","","","","","","","","","","","","","","","","","","","","","","","","","","1","","","","","","","","","","","","","1","","","","","","","","","","","","","","","","","","","","","","","",""
"Recovery Services LLC","DBA Elevate Recovery","267 Boston Road","Building B, Suites 22-24","North Billerica","MA","01862","","Middlesex","877-592-2102","https://www.elevaterecoveryma.com","42.5754063","-71.2837624","SU","","1","","","","","","1","","1","1","","","","","","","","","","","","","","","","","","","","1","","","","","1","1","1","","1","","","","","1","","","","","1","1","1","1","","","","","","","","","","","","1","","","","1","","","","","","1","1","","","1","1","","","","","","","","","","","","","","","1","1","1","","","","","","1","","1","1","","1","","","","","","","","1","","","","1","","1","","","","","1","","","","1","1","","1","1","","","","1","","","","","","","1","1","1","1","1","","1","","1","1","1","","1","","","1","1","","1","1","","","1","","","1","","1","1","1","1","1","","","1","1","1","","1","","1","","1","","1","1","1","","1","1","1","","1","","","","","1","","1","","","1","","","","","","1","1","","","","1","","","","1","","","","1","1","","","","","","","","","","","","","","","","","","","","","","","","","","","","","","","","","","","","","","","","","","","","","","1","","","","","","","","","","","","","1","","","1","","","","","","","","","","","","","","","","","","","","","","","",""
"Genesis Counseling Services Inc","","24 Union Avenue","Suite 11","Framingham","MA","01702","","Middlesex","508-620-2992","https://www.genesiscounselingservices.org","42.2792452","-71.4172572","SU","","1","","","","","","","1","","","","","","","","1","","","","","","","","","","","","","","1","","","","","1","1","1","1","","","","","","1","","","","","","","","1","","","","","","","","","","","","1","","1","","","","","","","","1","1","","1","1","1","","","","","","","","","","1","","","1","","1","","","","","","","","1","","1","1","","","","","","","","","","","","","","","","","","","","","","","","","","","","1","","","","","1","","","","","","","1","1","1","1","1","","1","","1","1","","","1","","1","","","","1","1","1","","1","","","1","","","1","1","1","","","","","1","1","","1","","","1","1","","","1","","","","1","","","","","","","","","","","1","","1","","1","1","","","1","","1","1","1","","","","","","","","","1","1","","","","","","","","","","","","","","","","","","","","","","","","","","","","","","","","","","","","","","","","","","","","","","","","","","","","","","","","","","","1","1","","","","","","","","","","","","","","","","","","","","","","","","","",""
"Spectrum Health Systems Inc","","68 Franklin Street","","Framingham","MA","01702","","Middlesex","508-875-5801","https://www.spectrumhealthsystems.org","42.2790877","-71.4184797","SU","","1","","","","","","","1","1","1","1","","","","","","","1","","","","","","","","","","","","1","","","","","1","1","1","1","","","","","","1","","","","","1","","","1","","","","","","","","","","","","1","1","1","","","1","","","","","1","1","1","1","1","1","","","","","","","","","","1","","","","","1","1","1","","","","","","","1","","","1","1","1","1","","","","","","","","","","1","","1","","","","","1","","","","1","1","","1","1","","","","1","","","","","","","1","1","1","1","1","","1","1","1","1","","","1","","","1","1","","1","1","","","1","1","","1","","1","1","1","1","1","1","1","1","1","1","","1","","1","1","1","","1","1","1","1","1","1","1","","1","1","1","1","1","1","1","","1","","1","","","","","","","1","","","","1","","","","1","","1","","1","1","","","","","","","","","","","","","","","","","","","","","","","","","","","","","","","","","","","","","","","","","","","","","","1","","","","","1","1","","1","1","1","1","","1","1","","","","","1","","","","","","","","","","","","","","","","1","1","","","",""
"Spectrum Health Systems Inc","","68 Franklin Street","","Framingham","MA","01702","","Middlesex","508-875-5801","https://www.spectrumhealthsystems.org","42.2790865","-71.4184801","MH","1","1","","","","","","","","","","","","","","","","","","","","","","","","","1","1","","1","1","1","1","","","1","","","1","","","","","","1","","","","","","","","","","","","","","","","","","","","","","","","","","","","","","1","1","1","1","1","1","","","","","1","","","","","","","","","","1","1","1","","","","","","","","","","","","","","","","","","","","","","","1","","","","1","1","1","1","","","","1","1","","1","1","","","","1","","","","","","","","","","","","","","","","","","","","","","1","","1","","","","","","","","","","","","","","","","","","","","","","","","","","","","","","","","","","","","","","","","","","","1","","1","","","","","","","","","","","","","","","","","","","","","","","","","","","","","","","","","","","","","","","","","","","","","","","","","","","","","","","","","","","","","1","","","","","","","","","","","","","","","","","","","1","","","","","1","","","","","","","","","","","","","","","","1","1","","","",""
"Conexiones Integrated Acute Treatment","Clinical Stabilization Services","365 East Street","Saunders Building","Tewksbury","MA","01876","","Middlesex","617-445-1123","https://www.casaesperanza.org","42.6116532","-71.2084272","SU","","1","1","","","","1","","1","1","1","","","","","","1","","","","","","","","","","","","","","1","","","","","1","1","1","","1","","1","1","","","1","","1","","","","","","1","1","","","","","","","","","","1","1","1","","1","1","1","1","1","","","1","1","1","","","","","","","","","","","","1","","","","1","","1","1","1","1","1","1","1","","1","1","1","1","1","1","1","","","","","","1","","","","1","","1","","","","","1","","1","","1","1","","1","1","","","","1","","1","1","1","1","1","","1","1","","","1","1","1","1","1","1","1","1","","","1","1","","1","1","","","1","","","1","","","1","1","1","1","","1","","1","1","","","1","1","1","1","1","1","1","","","1","1","1","","1","","1","1","1","1","","","1","","1","1","1","","","","1","1","","1","","1","1","1","1","1","1","1","","1","1","","1","1","","","","","","","","","","","","","","","","","","","","","","","","","","","","","","","","","","","","","","","","","","","1","","1","","","1","1","","1","1","","","","","1","","","","","","","","","","","","","","","","","","","","","","","","","",""
"Old Colony Comprehensive Counseling","","104 Torrey Street","","Brockton","MA","02301","","Plymouth","508-427-4383","https://www.oldcolonyymca.org/community-social-services/counseling","42.0731434","-71.0461553","SU","","1","","","","","","","","","","","","","","","1","","","","","","","","","","","","","","1","","","","","1","1","1","","1","","","","","1","","","","","","","","1","","","","","","","","","","","","1","","1","","","","","","","","1","1","","","1","","","","","","","","","","","1","","","1","","","","","","","","","","1","","","","","","","","","","","","","","","","","1","","1","","","","","1","","","","","","","1","1","","","","1","","","","","","","","1","1","1","1","","","","1","1","","","1","","","","","","1","1","","","1","","","","","1","1","","1","","","","1","1","1","","","","1","","1","","1","1","","","","1","","","","","","","","","","","1","","1","","","1","","","1","","1","","1","","","","","","","","","1","1","","","","","","","","","","","","","","","","","","","","","","","","","","","","","","","","","","","","","","","","","","","","","","1","","","","","","","","","","","","","1","","","1","","","1","","","1","","1","","","","","","","","","","","","","","","",""
"Old Colony Y Comprehensive Counseling","","104 Torrey Street","","Brockton","MA","02301","","Plymouth","508-427-4383","https://www.oldcolonyymca.org/community-social-services/counseling","42.0731434","-71.0461553","MH","1","1","","","","","","","","","","","","","","","","","","","","","","","1","","","1","1","1","1","","1","","","1","","","","1","","","","","1","","","","","","","","","","","","","","","","","","","","","","","","","","","","","","1","1","","1","1","","","1","","","","","","","","","","","1","","1","","","","","","1","","","","","","","","","","","","","","","","","","","1","","1","1","","","1","","","","","","","","1","1","","","","1","","","","","","","","","","","","","","","","","","","","","1","1","1","1","","","","","","","","","","","","","","","","","","","","","","","","","","","","","","","","","","","","","","","","","","","1","","1","","","","","","","","","","","","","","","","","","","","","","","","","","","","","","","","","","","","","","","","","","","","","","","","","","","","","","","","","","","","","","","","","","","","","","","","","","","","","","","","","","1","","","1","","","1","","1","","","","","","","","","","","","","","","",""
"Keys Behavioral Health","","890 East Street","","Tewksbury","MA","01876","","Middlesex","844-916-4088","https://keysbh.com","42.61865","-71.1956053","MH","1","1","","","","","","","","","","","","","","","","","","","","","","1","","","","1","1","1","1","1","1","1","","1","","","","1","","","","1","1","","","","","","","","","","","","","","","","","","","","","","","","","","","","","","1","","","","1","","","","","","","","","","","","","","","","","","1","","","","","1","","","","","","1","","1","","1","","1","1","","1","1","1","1","","1","1","1","1","1","","","","","","","","1","1","","","","1","","","","","","","","","","","","","","","","","","","","","","1","","1","","","","","","","","","","","","","","","","","","","","","","","","","","","","","","","","","","","","","","","","","","1","","","1","","","","","","","","","","","","","","","","","","","","","","","","","","","","","","","","","","","","","","","1","","","","","","","1","1","","1","1","","","","","","1","1","","","1","","","","","","","1","","1","","","","1","","","","","","","","","1","","","","","","","","","","","","","","","","","","","","","","","",""
"Lahey Health Behavioral Services","Tewksbury Treatment Center","365 East Street","Saunders Building, Suite D-1","Tewksbury","MA","01876","","Middlesex","978-259-7000","https://www.bilhbehavioral.org","42.611262","-71.2188593","SU","","1","1","1","1","1","1","","1","","","1","","","","","","","1","","","","","","","","","","","","","","","","","1","1","1","","1","","1","","","","","","","","","","","","1","","","","","","","","","","","1","","1","","","1","","","","","1","1","1","1","1","","","","","","","","","","","1","","","1","1","1","1","1","1","","","","1","","1","1","1","1","1","1","1","","","","","","","","","","1","","","","","","","1","","","","1","","","1","","","","","1","","1","1","1","1","1","","1","1","","","","","","1","","","","1","","","1","1","","1","1","","","1","","","1","","","1","1","1","","","","","1","1","1","","","","","1","1","1","1","","1","1","1","1","","","1","1","1","1","","","","1","","","","","","","","1","","1","","1","","","","","","","","","1","1","","","1","","","","","","","","","","","","","","","","","","","","","","","","","","","","","","","","","","","","","","","","","","","","","","","","","1","","","1","1","1","","","1","","","","","","","","","","","","","","","","","","","","","","","","","",""
"Conexiones Integrated Acute Treatment","Clinical Stabilization Services","365 East Street","Saunders Building","Tewksbury","MA","01876","","Middlesex","617-445-1123","https://www.casaesperanza.org","42.611378","-71.2191376","MH","1","1","","","","","","","","","","","","","","","","","","","","1","1","","","","","1","","1","1","1","1","1","1","1","","","","1","","","1","","","","","","","","","","","","","","","","","","","","","","","","","","","","","","","","","1","","","","","","","","","","","","","","","","","","1","","1","1","1","","","1","1","","","","","1","1","","","","1","","1","1","","","","","1","","","","","","","","","","","1","1","","1","","","","","1","","","","","","","","","","","","","","","","","","","","","","1","","1","","","","","","","","","","","","","","","","","","","","","","","","","","","","","","","","","","","","","","","","","","","1","","1","","","","","","","","","","","","","","","","","","","","","","","","","","","","","","","","","","","","","","","","","","","","","","","","","","","","","","","","","","","","","","","","","","","","","1","","","","","","","","","","","1","","","","","","","","","","","","","","","","","","","","","","","","","",""
"Square Medical Group","COE Summer House","153 Winter Street","","Framingham","MA","01702","","Middlesex","617-916-5069","https://www.squaremedicalgroup.org","42.294177","-71.4408825","SU","","1","","","","1","","1","1","1","1","","","","","","","","","","","","","","","","","","","","1","","","","","1","1","1","","1","","","1","","","","1","","","","","","","","","","","","","","","","","","1","","","","","","","","","","1","1","","1","1","1","","","","","","","","","","","","","","","","1","1","","","","","","","","","1","","","","","","","","","","","","","","1","","1","","","","","1","","","","1","1","","1","1","","","","1","","","","","","","1","1","1","1","1","1","1","","1","","1","","1","","","","1","","","1","","","1","1","","1","","1","1","1","1","1","","","1","1","1","","","","1","","1","1","1","1","1","","1","1","1","","1","","1","1","1","1","1","1","","","","","","","","","","1","1","","","","","","","","","1","1","1","1","1","","","","","","","","","","","","","","","","","","","","","","","","","","","","","","","","","","","","","","","","","","","","","1","","","","","","","","","1","","","","1","","","1","","","","","","","","","","","","","","","","","","","","","","","",""
"Square Medical Group","COE Summer House","153 Winter Street","","Framingham","MA","01702","","Middlesex","617-916-5069","https://www.squaremedicalgroup.org","42.294177","-71.4408825","MH","1","1","","","","","","","","","","","","","","","","","","","","1","","","","","","1","1","1","1","","1","1","","1","","","","1","","","1","","","","","","","","","","","","","","","","","","","","","","","","","","","","","","","","1","1","1","1","1","1","","","","","","","","","","","","","","","","1","1","","","","","","","","","","","","","","","","","","","","","","","1","","","","","1","","","","","","","1","1","1","","","","","1","","","","","","","","","","","","","","","","","","","","","","1","","1","","","","","","","","","","","","","","","","","","","","","","","","","","","","","","","","","","","","","","","","","","1","","","1","","","","","","","","","","","","","","","","","","1","","","","","","","","","","1","","1","1","1","1","","","","","","","","","","","","","1","","","","1","","","","","","","","","","","","","","","","","1","","1","","","","","","","","","1","","","","1","","","","","","","","","","","","","","","","","","","","","","","",""
"SMOC Behavioral Healthcare","Sage House","517 Winter Street","","Framingham","MA","01702","","Middlesex","508-626-2586 x210","https://www.smoc.org","42.285193","-71.443207","SU","","1","","","","","","","1","","","","","","","","1","","","","","","","","","","","","","","1","","","","","","1","1","","1","","","1","","","","1","","","","","","","","","","","","","","","","","","1","1","","","","","","","","","","1","1","1","","","","","","","","","","","","1","","","","","1","","","","","","","","","1","1","1","","","","","","","","","","1","","","","1","","1","","","","","1","","","","","","","","","","","","1","","","","","","","1","1","1","1","1","1","1","1","1","1","","","1","1","","1","1","","1","1","","","1","","","1","1","","1","1","1","","1","1","1","1","1","","","","1","","1","1","","1","1","","1","1","","","","","","","","","","","1","","","","1","","","","1","","","1","","","","","","","","","","1","1","1","","","1","","","","","","","","","","","","","","","","","","","","","","","","","","","","","","","","","","","","","","","","","","","","","","","","","","","","","","","1","","","1","","","","","","","","","","","","","","","","","","","","","","","",""
"Massachusetts TC Clinical Group","","1311 Main Street","","Brockton","MA","02301","","Plymouth","774-517-5076","https://www.tcclinicalgroup.org","42.0593877","-71.0144475","SU","","1","","","","","","1","1","1","1","","","","","","1","","","","","","","","","","","","","","1","","","","","","1","1","1","","","","1","","","1","","","","","","","","","","","","","","","","","","","1","","1","","1","","","","","","1","","","1","1","","","","","","","","","","","1","","","","","","","","1","1","1","1","1","","","","1","1","1","1","1","","","","","","","","","","1","","1","","","","","1","","","","1","","","1","","","","","1","","","","","","","","1","1","","","1","1","1","1","1","","","1","","","1","1","","","1","","","1","","","","","1","1","1","1","1","","","","1","1","","","","","","1","1","1","1","1","","1","1","1","","1","","1","1","","1","","","1","","","","","1","","","1","1","","1","","1","1","1","","1","","","","1","1","1","1","","","","","","","","","","","","","","","","","","","","","","","","","","","","","","","","","","","","","","","","","","","","1","","","","","","","","","1","","","","1","1","","","","","1","","","1","","","","","","","","","","","","","1","","","","",""
"Whitman Counseling Center","","288 Bedford Street","","Whitman","MA","02382","","Plymouth","781-447-6425","https://www.bamsi.org","42.0685702","-70.9488613","MH","1","1","","","","","","","","","","","","","","","","","","","","","","","1","","","1","1","1","1","","1","","","1","","","1","","","","","","1","","","","","","","","","","","","","","","","","","","","","","","","","","","","","","1","1","1","1","1","","","","","","","","","","","","","","","","1","","","","","","","","","","","","","","","","","","","","","","","","","1","","","","","","1","","","1","","","","","1","1","","","","1","","","","","","","","","","","","","","","","","","","","","1","1","1","1","","","","","","","","","","","","","","","","","","","","","","","","","","","","","","","","","","","","","","","","","","","1","","1","","","","","","","","","","","","","","","","","","","","","","","","","","","","1","","1","1","","1","","","","","","1","","1","1","1","","1","1","1","1","1","1","1","","","","","","","","","","","","","","","","1","","","","","","","","","","","","","","1","","","","1","","","1","","","","","","","","","","","","","","","","","",""
"Uplift Behavioral Health Services","","1717 Main Street","","Brockton","MA","02301","","Plymouth","508-301-3444","https://www.upliftbhs.org","42.0514011","-71.011742","MH","1","1","","","","","","","","","","","","","","","","","","","","","","","1","","","1","1","1","1","1","","1","","1","","","1","","","","","","1","","","","","","","","","","","","","","","","","","","","","","","","","","","","","","1","1","1","1","1","","","","","","","","","","","","","1","1","","1","1","1","1","1","1","1","1","","","","","1","1","","","1","1","1","1","1","1","1","1","1","1","1","1","1","1","1","1","1","1","1","1","","","1","","1","1","1","1","","1","","","","","","","","","","","","","","","","","","","","1","1","1","1","","","","","","","","","","","","","","","","","","","","","","","","","","","","","","","","","","","","","","","","","","1","","","1","","","","","","","","","","","","","","","","","","","","","","","","","","","","","","","","","","","","","","","","","","","","","","","","","","","","","","","","","","","","","","","","","","","","","1","","","","1","","","","","","","1","","","","","1","","1","1","","1","","","","","","","","","","","1","","","1","",""
"CleanSlate Centers","","170 Main Street","Units G4-G8","Tewksbury","MA","01876","","Middlesex","781-348-9041","https://www.cleanslatecenters.com","42.6264451","-71.2678161","SU","","1","","","","1","","","1","1","1","","","","","","","","","","","","","","","","","","","","","","","","","1","1","","1","","","","","","1","","","","","1","","","","","","","","","","","","","","","","","1","","","1","","","","","1","1","1","1","1","1","","","","","","","","","","","","","","","1","","","","","","","","","","","","","","","","","","","","","","","","","1","","","","","","","1","","","","","","","1","","","","","1","","","","","","","","1","","","","","","","1","","","","1","","","1","1","","1","1","","","","1","","","","","1","1","1","1","","","","","","1","","","","","1","","","1","","","1","1","","1","1","","1","","1","1","1","1","","","","","","","","","","1","","","","","","1","","","","","","1","","","","","","","","","","","","","","","","","","","","","","","","","","","","","","","","","","","","","","","","","","","","","","","","","","","","","","","","1","","1","","","1","","","","","","","","","","","","","","","","","","","","","","","","","",""
"Vinfen Behavioral Health","","40 Church Street","","Lowell","MA","01852","","Middlesex","978-674-6744","https://vinfen.org","42.6416657","-71.307311","MH","1","1","","","","","","","","","","","","","","","","","","","","","","","1","","","1","1","1","1","1","1","1","","1","","","1","","","","","","1","","","","","","","","","","","","","","","","","","","","","","","","","","","","","","1","1","1","","1","","","","","","","","","","","","1","","1","","1","1","","","","","","","","","","","","","","","","","","","","","","","","","","1","1","","","1","","","","","1","1","","1","1","","","","1","","","","","","","","","","","","","","","","","","","","","1","1","1","1","","","","","","","","","","","","","","","","","","","","","","","","","","","","","","","","","","","","","","","","","","","1","","1","","","","","","","","","","","","","","","","","","","","","","","","","","","","1","","1","1","1","1","","1","1","1","","1","","","","1","","1","1","1","1","1","1","1","","","","","","","","","","","","","","","","1","","1","","","","","","","","","","","1","","","","","1","","","","","","","","","","","","","","","","1","","","","",""
"Vinfen Behavioral Health","","40 Church Street","","Lowell","MA","01852","","Middlesex","978-674-6744","https://vinfen.org","42.6416657","-71.307311","SU","","1","","","","1","","1","1","1","1","","","","","","1","","","","","","","","","","","","","","1","","","","","1","1","1","1","","","","","","1","","","","","1","","","1","","","","","","","","","","","","1","1","1","","","1","","","","","1","1","1","","1","","","","","","","","","","","","","","1","","1","1","","","","","","","","","","","","","","","","","","","","","","","","1","","1","","","","","1","","","","1","1","","1","1","","","","1","","","","","","","","1","1","1","1","","1","","1","1","","","1","","1","","","","1","1","","","1","","","","","1","1","1","1","1","","","","1","1","","1","","1","1","1","","1","1","1","","1","1","","","1","","1","1","1","1","","","1","","1","","","1","","","1","1","1","","1","1","","","","1","","","","1","","1","1","","","","","","","","","","","","","","","","","","","","","","","","","","","","","","","","","","","","","","","","","","","","1","","","","","","","","","","","","","","1","","","","","","1","","","","","","","","","","","","","","","","","","","",""
"Arbour Counseling Services","","21 George Street","","Lowell","MA","01852","","Middlesex","978-453-5736","https://arbourhealth.com","42.6420182","-71.3067695","MH","1","1","","","","","","","","","","","","","","","","","","","","","","","1","","","1","1","1","1","1","1","","","1","","","1","","","","","1","1","","","","","","","","","","","","","","","","","","","","","","","","","","","","","","1","1","1","1","1","1","","","","","","","","","","","","","","","1","1","","","","","","","","","","","","","","","","","","","","","","","","","","","1","","","","","","","","","","","1","","","","","1","","","","","","","","","","","","","","","","","","","","","1","1","1","1","","","","","","","","","","","","","","","","","","","","","","","","","","","","","","","","","","","","","","","","","","1","","","1","","","","","","","","","","","","","","","","","","","","","","","","","","","","","","","","","","","","","","","","","","","","","","","","","","","","","","","","","","","","","","","","","","","1","","","","","","","","","","","","","1","","","","","1","","","","","1","","1","","","","","","","","","","1","","1","",""
"Arbour Counseling Services","","21 George Street","","Lowell","MA","01852","","Middlesex","978-453-5736","https://arbourhealth.com","42.6420182","-71.3067695","SU","","1","","","","","","1","","1","","","","","","","1","","","","","","","","","","","","","","1","","","","","1","1","1","1","","","","","","1","","","","","1","","","1","","","","","","","","","","","","1","1","","","","1","","","","","1","1","1","1","1","1","","","","","","","","","","","","","","","1","","","","","","","","","","","","","","","","","","","","","","","","","","","","","","","","","","","","","","","1","","","","","1","","","","","","","1","1","1","1","1","","1","","1","1","1","","1","","","","","","1","1","","","1","","","","","1","1","","1","","","","","","","","","","1","","1","","1","1","","","","","","","1","","","","","","","1","","","1","","1","","","","1","","1","1","1","","","","","","","","","1","1","","","","","","","","","","","","","","","","","","","","","","","","","","","","","","","","","","","","","","","","","","","","","","1","","","","","","","","","","","","","1","1","","","","","","","","","","","","","","","","","","","","","","","","","",""
"Riverbend","Ambulatory Services","101 Jackson Street","4th Floor","Lowell","MA","01852","","Middlesex","978-459-8656","https://www.riverbendmv.org","42.642321","-71.3101303","SU","","1","","","","","","","","","","","","","","","1","","","","","","","","","","","","","","1","","","","","1","1","1","","1","","","","","1","","","","","","1","1","1","","","","","","","","","","","","1","","1","","","","","","","","1","1","1","1","1","","","","","","","","","","","1","","","1","1","1","1","1","1","1","1","1","1","1","1","1","1","1","1","1","1","","","","","","1","","","","1","","1","","","","","1","","","","","","","1","1","","","","1","","","","","","","1","1","1","1","1","","1","1","1","1","","","1","","1","","","","1","1","1","","1","","","1","","1","1","1","1","","","","1","1","1","","1","","1","1","1","","1","1","1","","1","1","1","","","","","","","","","","1","","1","1","1","1","","","1","","1","1","1","","","","","","","1","","1","1","1","","","1","","","","","","","","","","","","","","","","","","","","","","","","","","","","","","","","","","","","","","","","","","","","","","","","","","","","","","","1","","","1","","","","","","","","","","","","","","","","","","","","","","","",""
"Riverbend","Ambulatory Services","101 Jackson Street","4th Floor","Lowell","MA","01852","","Middlesex","978-459-8656","https://www.riverbendmv.org","42.6421647","-71.3105985","MH","1","1","","","","","","","","","","","","","","","","","","","","","","","1","","","1","1","1","1","1","1","1","","1","","","","1","","","","","1","","","","","","","","","","","","","","","","","","","","","","","","","","","","","","1","1","1","1","1","","","","","","","","","","","","","","1","1","","1","1","1","","","1","1","","","","","1","1","","1","1","1","","1","","1","","","","1","","1","1","","1","1","1","","","1","","","","1","","1","1","","1","1","","","","","","","","","","","","","","","","","","","","1","1","1","1","","","","","","","","","","","","","","","","","","","","","","","","","","","","","","","","","","","","","","","","","","","1","","1","","","","","","","","","","","","","","","","","","","","","","","","","","","","","","","","","","","","","","","","","","","","","","","","","","","","","","","","","","","","1","","","","","","","","","1","","","","","","","","","","","","","1","","","","","","","","","","","","","","","","","","","","","","","",""
"Lowell Community Health Center Inc","Behavioral Health Services Outpatient","161 Jackson Street","","Lowell","MA","01852","","Middlesex","978-937-9700 x6730","https://www.lchealth.org","42.6418133","-71.3115185","MH","1","1","","","","","","","","","","","","","","","","","","","","","","","1","","","1","1","1","1","1","1","1","","1","","","1","","","","","","1","","","","","","","","","","","","","","","","","","","","","","","","","","","","","","1","1","1","1","1","","1","1","","","1","1","1","1","","","1","","1","1","1","1","1","1","1","1","1","1","","","","","1","1","","1","1","1","1","1","1","1","1","","","1","1","1","","1","1","1","","","1","","1","1","","1","1","","","","1","","","","","","","","","","","","","","","","","","","","","1","1","1","1","","","","","","","","","","","","","","","","","","","","1","","","","","","","","","","1","","","1","","","","","","","","","","1","1","1","","","","","","","","","","","","","","","","","","1","","","","","","","","","","","","","","","","","","","","","","","","","","","","","","","","","","","","","","","","","","1","","","","","","","1","","1","","","","1","","","1","1","1","","1","","","","","1","","","","","","","1","","1","","1","","","","","1","","","","",""
"Lowell Community Health Center Inc","Behavioral Health Services Outpatient","161 Jackson Street","","Lowell","MA","01852","","Middlesex","978-937-9700 x6730","https://www.lchealth.org","42.6423818","-71.3108989","SU","","1","","","","1","","1","1","1","1","","","","","","1","","","","","","","","","","","","","","1","","","","","1","1","1","1","","","","","","1","","","","","1","","","1","","","","","","","","","","","","1","1","1","","","","1","","","","1","1","1","1","1","1","","","","","","","","","","1","","","1","1","1","1","1","","","","","","1","1","1","1","1","1","1","1","","","","","","1","","","","1","","1","","","","","1","","1","","1","1","","1","1","","","","1","","","","","","","1","1","1","1","1","","1","1","1","1","","","1","","","","","","1","1","","","1","","","1","","1","1","1","1","1","1","1","","1","1","1","1","","1","1","1","","1","1","1","1","1","1","1","1","1","","1","1","1","1","","","1","1","1","1","1","","","","1","1","","1","","1","1","1","1","1","1","1","1","1","1","1","1","","","1","1","","","","","","","","","","","","","","","","","","","","","","","","","","","","","","","","","","","","","","","","1","","1","","","","","","1","","1","1","","1","1","","","","","1","1","","","","","","","","1","","1","","","","","1","","","","",""
"Vinfen Behavioral Health","","439 South Union Street","Suite 207","Lawrence","MA","01841","","Essex","978-674-6744","https://vinfen.org","42.6909285","-71.155806","MH","1","1","","","","","","","","","","","","","","","","","","","","","","","1","","","1","1","1","1","1","1","1","","1","","","1","","","","","","1","","","","","","","","","","","","","","","","","","","","","","","","","","","","","","1","1","1","","1","","","","","","","","","","","","","","1","","1","1","","","","","","","","","","","","","","","","","","","","","","","","","","1","1","","","1","","","","","1","1","","1","1","","","","1","","","","","","","","","","","","","","","","","","","","","1","1","1","1","","","","","","","","","","","","","","","","","","","","","","","","","","","","","","","","","","","","","","","","","","","1","","1","","","","","","","","","","","","","","","","","","","","","","","","","","","","1","","1","1","1","1","","1","1","1","","1","","","","1","","1","1","1","1","1","1","1","","","","","","","","","","","","","","","","1","","1","","","","","","","","","","","1","","","","","1","","","","","","","","","","","","","","","","1","","","","",""
"Vinfen Behavioral Health","","439 South Union Street","Suite 207","Lawrence","MA","01841","","Essex","978-674-6744","https://vinfen.org","42.6909285","-71.155806","SU","","1","","","","","","","1","1","1","","","","","","1","","","","","","","","","","","","","","1","","","","","1","1","1","1","","","","","","1","","","","","","","","1","","","","","","","","","","","","","1","1","","","1","","","","","1","1","1","","1","","","","","","","","","","","","","","1","","1","1","","","","","","","","","","","","","","","","","","","","","","","","","","","","","","","","","","","1","1","","1","1","","","","1","","","","","","","","","","1","1","","1","","1","1","","","1","","1","","","","1","1","","","1","","","","","1","1","1","1","1","","","","","","","1","","1","1","1","","1","1","","","","","","","1","","1","1","","1","","","1","","1","","","1","","","1","1","1","","1","1","","","","1","","","","1","","","1","","","","","","","","","","","","","","","","","","","","","","","","","","","","","","","","","","","","","","","","","","","","1","","","","","","","","","","","","","","1","","","","","","","","","","","","","","","","","","","","","","","","","",""
"Bridgewell Counseling Services","Lowell","35 Market Street","","Lowell","MA","01852","","Middlesex","978-459-0389","https://www.bridgewell.org","42.6445194","-71.3090821","MH","1","1","","","","","","","","","","","","","","","","","","","","","","","1","","","1","1","1","1","1","1","1","","1","","","","1","","","","","1","","","","","","","","","","","","","","","","","","","","","","","","","","","","","","1","1","1","1","1","1","","","","","","","","","","","","","","","1","1","1","1","1","1","1","1","","","","","1","1","","1","1","1","1","1","1","1","1","","","","","","1","","","1","","","","","","1","1","1","1","","","","1","","","","","","","","","","","","","","","","","","","","","1","1","1","1","","","","","","","","","","","","","","","","","","","","","","","","","","","","","","","","","","","","","","","","","","","1","","1","","","","","","","","","","","","","","","","","","","","","","","","","","","","1","","1","1","","","","","","","","1","","1","1","1","","1","1","1","1","1","1","1","","","","","","","","","1","","","","","","","1","","1","","","","","","","","","","","","","1","","","1","","1","","","","","","","","","","","","","","","","","","",""
"Bridgewell Counseling Services","Lowell","35 Market Street","","Lowell","MA","01852","","Middlesex","978-459-0389","https://www.bridgewell.org","42.6445161","-71.3091834","SU","","1","","","","","","","1","1","","","","","","","","","","","","","","","","","","","","","1","","","","","1","1","1","","1","","","","","1","","","","","1","","","1","","","","","","","","","","","","1","","1","","","1","","","","","1","1","1","1","1","1","","","","","","","","","","","","","","","1","1","1","","","","1","","","","","","","1","","","","","","","","","","","","","","","","","","","","","","","","","","1","","","","","1","","","","","","","1","1","1","1","1","","","","","1","","","","","","","","","1","1","","","1","","","","","1","1","1","1","","1","","","1","","","1","","1","1","1","","1","1","1","","","","1","","1","","1","","1","1","","","1","","1","","","","","","","1","","1","","1","","","","1","","","","1","1","","1","","","","","","","","","","","","","","","","","","","","","","","","","","","","","","","","","","","","","","","","","","","","1","","","","","","","","","","","","","1","","","1","","","","","","","","","","","","","","","","","","","","","","","",""
"Mentor South Bay","","22 Old Canal Drive","","Lowell","MA","01851","","Middlesex","978-453-6800","https://mentorsouthbay.com","42.6232198","-71.3509598","SU","","1","","","","","","","","1","1","","","","","","1","","","","","","","","","","","","","","1","","","","","1","1","1","","1","","","","","1","","","","","","","1","1","","","","","","","","","","","","1","","","","","1","","","","","1","1","1","1","1","","","","","","","","","","","1","","","","","","","","","","","","","","","","","","","","","","","","","","","","","","","","","","","","","","","","","","","","1","1","","","","1","","","","","","","1","1","","1","1","","1","","1","1","","","1","","1","","","","1","1","","","","","","","","1","1","","1","1","","","","1","","","","","1","1","1","","1","1","1","","","1","1","","1","","","","","","","1","","","1","","","1","","","1","1","1","","1","1","","","","1","","","","1","1","","","","","","","","","","","","","","","","","","","","","","","","","","","","","","","","","","","","","","","","","","","","","","1","","","","","","","","","","","","","1","","","1","","","1","","","","","","","","","","","","","","","","1","","","","",""
"Lowell Comprehensive Treatment Center","","22 Olde Canal Drive","","Lowell","MA","01851","","Middlesex","978-452-5155 x210","https://www.ctcprograms.com/location/lowell-comprehensive-treatment-center/","42.6232198","-71.3509598","SU","","1","","1","","1","","1","1","","1","1","","","","","1","","1","","","","","","","","","","","","1","","","","","1","1","1","1","","","","","","1","","","","","1","","1","1","","","","","","","","","","","","","","1","","","1","","","","","1","1","1","1","1","1","","","","","","","","","","1","","","","","1","1","1","1","","","","1","","1","1","1","1","1","","1","","","","","","1","","","","1","","1","","","","","1","","","","","","","1","1","","","","1","","","","","","","","1","1","","","1","1","1","1","1","1","1","1","","","1","1","","1","1","","","1","1","","1","","","1","1","1","","1","1","","1","1","1","1","","","1","1","1","1","1","1","1","1","1","1","","1","1","1","","","1","1","1","","1","","","1","","","","","1","","1","","","","","","","1","1","1","1","1","1","1","","","","","","","","","","","","","","","","","","","","","","","","","","","","","","","","","","","","","","","","","","","","","","","","","1","1","","1","1","1","1","","","1","","","","","","1","","","","","","","","","","","","","","","","","","","",""
"Mentor South Bay","","22 Old Canal Drive","","Lowell","MA","01851","","Middlesex","978-453-6800","https://mentorsouthbay.com","42.6232198","-71.3509598","MH","1","1","","","","","","","","","","","","","","","","","","","","","","","1","","","1","1","1","1","1","1","1","","1","","","","1","","","","","1","","","","","","","","","","","","","","","","","","","","","","","","","","","","","","1","1","1","1","1","","","","","","","","","","","","","","","","1","","","","","","","","","","","","","","","","","","","","","","","","","","","","1","","","1","","","","","","","","1","1","","","","1","","","","","","","","","","","","","","","","","","","","","1","1","1","1","","","","","","","","","","","","","","","","","","","","","","","","","","","","","","","","","1","","","","","","","","","1","","","1","","","","","","","","","","","","","","","","","","","","","","","","","","","","1","","1","1","1","1","1","1","1","1","1","1","","1","1","1","1","1","1","1","1","1","1","1","","1","","","","","","","","","","","","","","1","","1","","","","","","","","","","","","","1","","","1","","","","","","","","","","","","","","","","1","","","","",""
"Northstar Recovery Center","","132 Turnpike Road","Suite 200","Southborough","MA","01772","","Worcester","888-339-5756","https://northstarrecoverycenter.com/","42.2913777","-71.5149026","MH","1","1","","","","","","","","","","","","","","","","","","","","","","1","","","","1","1","1","1","","1","1","","1","","","","1","","","","1","1","","","","","","","","","","","","","","","","","","","","","","","","","","","","","","1","","","","1","","","","","","","","","","","","","","","","","","1","","","","","","","","","","","1","","","","","","1","","","","","","1","","","","","","1","","","","","","","","1","1","","","","","","","","","","","","","","","","","","","","","","","","","","1","","1","","","","","","","","","","","","","","","","","","","","","","","","","","","","","","","","","","","","","","","","","","1","","","","","","","","","","","","","","","","","","","","","","","","","","","","","","","","","","","","","","","","","","","","","","","","","","","","","","","","1","","","","","","","","","","","","","","","","1","","","","","","","","","","","","","1","","","","","","","","","","","","","","","","","","","","","","","",""
"Northstar Recovery Center","","132 Turnpike Road","Suite 200","Southborough","MA","01772","","Worcester","888-311-0911","https://www.NorthstarRecoveryCenter.com","42.2913777","-71.5149026","SU","","1","","","","1","","1","1","1","1","","","","","","1","","","","","","","","","","","","","","1","","","","","1","1","1","","1","","","","","1","","","","","1","1","1","1","","","","","","","","","","","","1","","1","","1","","","","","","1","1","","","1","1","","","","","","","","","","","","","","","","","1","","","","","","","","1","","","1","","","","","","","","","","","","1","","","","","","","1","","","","","","","1","1","","","","","","","","","","","","1","1","1","1","1","1","","1","","","","1","","","1","1","","1","1","","","1","","","1","","1","1","1","1","1","","","","","","","1","","1","","1","1","1","1","","","","","","","1","","1","1","1","","","1","","","","","1","","","","","1","","1","","1","","","","1","","1","","1","1","","","","","","","","","","","","","","","","","","","","","","","","","","","","","","","","","","","","","","","","","","","","","","1","","","","","","","","","","","","","","","","1","","","","","","","","","","","","","","","","","","","","","","","",""
"Middlesex Recovery PC","","2 Courthouse Lane","Unit 2","Chelmsford","MA","01824","","Middlesex","978-459-8074","https://www.middlesexrecovery.com/company/locations/chelmsford/","42.6240974","-71.3590567","SU","","1","1","","","1","1","1","1","1","1","","","","","","1","","","","","","","","","","","","","","1","","","","","1","1","","1","","","","","","1","","","","1","1","","","1","","","","","","","","","","","","1","","","","","1","","","","","1","1","1","1","1","1","","","","","","","","","","","","","","","","","","","","","","","","","","","","","","","","","","","","","","","","1","","","","","","","1","","","","1","1","","1","","","","","1","","1","1","","","1","","1","1","","","","","","1","","","","","","","1","1","","1","1","","","","1","","","","","1","1","1","","","","","","","","","","","1","1","","","1","","","1","","","","1","","1","1","1","1","1","1","","","","1","","","","","","1","","","","","","","","","","1","","1","1","","","1","","","","","","","","","","","","","","","","","","","","","","","","","","","","","","","","","","","","","","","","","","","","","","","","","1","","","","","","","","1","","","","","","1","","","","","","","","","","","","","","","","","","","",""
"Baldpate","Acute Treatment Services","83 Baldpate Road","","Georgetown","MA","01833","","Essex","978-352-2131 x139","https://detoxma.com","42.7051611","-71.011216","SU","","1","1","1","1","1","1","1","1","1","","1","","","","","1","","1","","","","","","","","","","","","1","","","","","","1","1","","1","","","1","","","1","","1","","","","","","","","","","","","","","","","","1","","1","","1","","","","","","1","1","","1","1","1","","","","","","","","","","","","","","","","","1","1","","1","","1","","1","1","1","1","1","1","1","","","","","","1","","","","1","","1","","","","","1","","","","1","","","1","1","","","","1","","1","1","1","1","1","","1","1","1","","1","1","","1","","","","1","","","1","1","","1","1","","","1","","","1","","","1","1","1","1","","","","1","1","1","","","","","1","1","1","1","","1","","1","1","","1","1","1","","1","1","","1","","","1","1","","","","","1","1","","","","1","","","","1","1","1","","1","1","1","1","1","","","","","","","","","","","","","","","","","","","","","","","","","","","","","","","","","","","","","","","","","","","1","","","","","1","1","","","1","1","1","","","","","1","","","","","","","","","","","","","","","","","","","","","","","",""
"Baldpate","CSS","83 Baldpate Road","","Georgetown","MA","01833","","Essex","978-352-2131 x139","https://detoxma.com","42.7051611","-71.011216","SU","","1","","1","","1","","","1","1","","1","","","","","1","","1","","","","","","","","","","","","1","","","","","","1","1","","1","","","1","","","1","","","","","","","","","","","","","","","","","","","1","","1","","1","","","","","","1","1","","1","1","1","","","","","","","","","","","","","","","","","1","1","","1","1","1","","","","1","1","1","1","1","","","","","","1","","","","1","","1","","","","","1","","","","1","","","1","1","","","","1","","","","","","","","1","1","1","","1","1","","1","","","","1","","","1","1","","","1","","","1","","","1","","","1","1","1","1","","","","1","1","","","","","1","1","1","1","1","","","","1","1","","1","1","1","","1","","","1","","","","","","1","","","1","1","1","","1","","","","","","1","1","","1","1","1","1","","","","","","","","","","","","","","","","","","","","","","","","","","","","","","","","","","","","","","","","","","","","","","","","","1","1","","","1","","","","","","","1","","","","","","","","","","","","","","","","","","","","","","","",""
"CleanSlate Centers","","360 Merrimack Street","Building 9 Entrance G, 3rd Floor","Lawrence","MA","01843","","Essex","978-802-7331","https://www.cleanslatecenters.com","42.7036384","-71.1424002","SU","","1","","","","1","","","1","1","1","","","","","","","","","","","","","","","","","","","","","","","","","1","1","","1","","","","","","1","","","","","1","","","","","","","","","","","","","","","","","1","","","1","","","","","1","1","1","1","1","1","","","","","","","","","","","","","","","1","","","","","","","","","","","","","","","","","","","","","","","","","1","","","","","","","1","","","","","","","1","","","","","1","","","","","","","","1","","","","","","","1","","","","1","","","1","1","","1","1","","","","1","","","","","1","1","1","1","","","","","","1","","","","","1","","","1","","","1","1","","1","1","","1","","1","1","1","1","","","","","","","","","","1","","","","","","1","","","","","","1","","","","","","","","","","","","","","","","","","","","","","","","","","","","","","","","","","","","","","","","","","","","","","","","","","","","","","","","1","","1","","","1","","","","","","","","","","","","","","","","","","","","","","","","","",""
"Mentor South Bay","","360 Merrimack Street","Building 9, Entrance H","Lawrence","MA","01843","","Essex","978-688-4830 x1150","https://mentorsouthbay.com","42.7046864","-71.1441826","MH","1","1","","","","","","","","","","","","","","","","","","","","","","","1","","","1","1","1","1","1","1","1","","1","","","","","1","","","","1","","","","","","","","","","","","","","","","","","","","","","","","","","","","","","1","1","1","1","1","","","","","","","","","","","","","","","","","1","","","","","","","","","","","","","","","","","","","","","","","","","","","1","","","1","","","","","","","","1","1","","","","1","1","","","","","","","","","","","","","","","","","","","","1","1","1","1","","","","","","","","","","","","","","","","","","","","","","","","","","","","","","","","","","","","","","","","","","1","","","1","","","","","","","","","","","","","","","","","","","","","","","","","","","","1","","1","1","1","1","1","1","1","1","1","1","","1","1","1","1","1","1","1","1","1","1","1","","","","","","","","","","","","","","","","1","","1","","","","","","","","","","","","1","","","","","","","","","","","","","","","","","","","","","","","","",""
"Topsail Addiction Treatment Inc","","231 Sutton Street","Unit 1-EC","North Andover","MA","01845","","Essex","978-475-0002","https://TopsailAddictiontreatment.com","42.7066318","-71.1297095","SU","","1","","","","","","","1","1","1","","","","","","1","","","","","","","","","","","","","","1","","","","","1","1","1","","1","","","","","1","","","","","","1","1","1","","","","","","","","","","","","1","","1","","1","","","","","","1","","","1","1","1","","","","","","","","","","","","","","","1","1","1","1","1","1","","1","","1","1","1","1","1","1","1","","","","","","1","","","","1","","1","","","","","1","","","","","1","","1","1","","","","1","","","","","","","1","1","1","1","1","1","1","1","1","1","1","","1","","","1","1","","1","1","","","1","","","1","","1","1","1","1","1","","1","1","1","1","","1","","1","1","1","1","1","1","1","","","1","","","1","","1","1","1","1","","1","","","","1","1","","","","1","1","","1","","1","","","","1","1","","","1","1","","1","","","","","","","","","","","","","","","","","","","","","","","","","","","","","","","","","","","","","","","","","","","","1","","","","","","","","","1","","","","","","","1","","","","","","","","","","","","","","","","","","","","","","","",""
"Elm Tree Clinic","","12 Wood Street","Suite 2","Lowell","MA","01851","","Middlesex","833-356-8733","https://www.elmtreeclinic.com","42.6344762","-71.3552775","SU","","1","","","","1","","","1","1","1","","","","","","","","","","","","","","","","","","","","","","","","","1","1","","","1","","","","","1","","","","","1","","","1","","","","","","","","","","","","","","1","","","","","","","","1","1","1","1","1","1","","","","","","","","","","","","","","","","","","","","","","","","","","","","","","","","","","","","","","","","","","","","","","","","","","","","","","","","","","","1","","","","","","","","1","","","","","","","","","","","","","","1","1","","1","1","","","1","1","","","","1","1","1","1","","","","","","","","","","1","1","1","","","1","","","","","","","1","","1","1","1","1","1","1","","","1","","","","","","","1","1","","1","","","","","","","","","","","","","","","","","","","","","","","","","","","","","","","","","","","","","","","","","","","","","","","","","","","","","","","","1","","","","","","","","","","","","","","","","1","","","1","","","","","","","","","","","","","","","","1","1","","","",""
"Elm Tree Clinic","","12 Wood Street","Suite 2","Lowell","MA","01851","","Middlesex","833-356-8733","https://www.elmtreeclinic.com","42.6344762","-71.3552775","MH","1","1","","","","","","","","","","","","","","","","","","","","","","","1","","","1","","","","","1","","","1","","","","1","","","","","1","","","","","","","","","","","","","","","","","","","","","","","","","","","","","","1","1","1","1","1","1","","","","","","","","","","","","","","","","","1","","","","","","","","","","","","","","","","","","","","","","","","","","","","","","","","","","","","","","","","","","","","","","","","","","","","","","","","","","","","","","","","1","","1","","","","","","","","","","","","","","","","","","","","","","","","","","","","","","","","","","","","","","","","","","1","","","","","","","","","","","","","","","","","","","","","","","","","","","","","","","","","","","","","","","","","","","","","","","","","","","","","","","","","","","","","","","","","","","","","","1","","","","","","1","","","","","","","","","1","","","","","","","","","","","","","","","","","","","","","","","",""
"Mindgrove Health","","20 Cabot Boulevard","Suite 300","Mansfield","MA","02048","","Bristol","781-202-1565","https://www.mindgrovehealth.com","42.0279805","-71.2442618","MH","1","1","","","","","","","","","","","","","","","","","","","","","","","1","","","1","","","1","","1","","","1","","","","","1","","","","1","","","","","","","","","","","","","","","","","","","","","","","","","","","","","","1","1","1","1","1","","","","","","","","","","","","","","","","","","","","","","","","","","","","","","","","","","","","","","","","","","","","","1","","","","","","","1","1","","1","","","","","1","","","","","","","","","","","","","","","","","","","","","1","1","1","1","","","","","","","","","","","","","","","","","","","","","","","","","","","","","","","","","","","","","","","","","","1","","","1","","","","","","","","","","","","","","","","","","","","","","","","","","","","","","","1","","","","","","","","1","","1","1","","","1","1","","","1","1","1","","","","","","","","","","","","","","","","1","","","","","","","","","","","","","","1","","","","","","","","","","","","","","","","","","","","","","","","",""
"Lawrence Comprehensive Treatment","Center","10 Embankment Street","","Lawrence","MA","01841","","Essex","978-687-6300 x200","https://www.ctcprograms.com/location/lawrence-comprehensive-treatment-center/","42.7027201","-71.1689256","SU","","1","","1","","1","","","1","","","1","","","","","1","","1","","","","","","","","","","","","1","","","","","1","1","1","","1","","","","","1","","","","","1","1","1","1","","","","","","","","","","","","1","","","","","1","","","","","1","1","1","1","1","1","","","","","","","","","","1","","","","","1","1","","","","","","","","","","","","","","","","","","","","","","","","1","","","","","","","","","","","","","","1","","","","","1","","","","","","","","1","1","1","1","1","1","","1","1","","","1","","","1","1","","1","1","","","1","","","1","","","1","1","1","","","","","1","1","","1","","","1","1","","1","1","1","","1","1","1","","","1","1","1","1","","","1","","","","1","","","1","","","","","","","","","","","","","","","1","1","1","","","","","","","","","","","","","","","","","","","","","","","","","","","","","","","","","","","","","","","","","","","","","","","","","","1","1","","","","1","1","","","","","1","1","","","","","","","","","","","","","","","","","","","","","","",""
"Psychological Center","Pegasus House","482 Lowell Street","","Lawrence","MA","01841","","Essex","978-687-4257","https://www.psychologicalcenter.com","42.7019548","-71.1794731","SU","","1","","","","1","","1","1","1","","","1","","","","1","","","","","","","","","","","","","","1","","","","","1","1","1","","1","","1","1","","1","","1","","","1","","","","","1","","","","","","","","","","1","","1","","","","","","","","1","1","1","1","1","1","","","","","","","","","","1","","","","1","1","1","1","1","","1","1","","1","1","1","","1","1","1","1","","","","","","1","","","","1","","1","","","","","1","","1","","1","1","","1","1","","","","1","","","","","","","1","1","1","1","1","1","1","1","1","1","1","1","1","","","1","1","","1","","","","1","1","","1","","","1","1","1","","1","1","1","1","1","1","1","","1","1","1","1","1","1","1","1","1","1","1","","1","","1","1","1","1","1","","1","","","1","1","","","","1","","","1","","1","1","1","1","1","","1","","1","1","1","","","1","","","","","","","","","","","","","","","","","","","","","","","","","","","","","","","","","","","","","","","","","","1","","1","","","","","","1","1","1","1","","1","1","","","","","","","","","","","","","","","","","","","","","","","","","",""
"Psychological Center","Pegasus House","482 Lowell Street","","Lawrence","MA","01841","","Essex","978-687-4257","https://www.psychologicalcenter.com","42.7019548","-71.1794731","MH","1","1","","","","","","","","","","","","","","","","","","","","1","","","","","","","1","1","1","1","1","1","","","","","","1","","","1","","","","","","","","","","","","","","","","","","","","","","","","","","","","","","","","1","1","1","1","1","1","","","","","","","1","1","1","","1","","","1","1","1","1","1","1","1","1","","","","","","1","1","","","","","","1","","1","1","","","1","","1","1","1","1","1","1","","","1","1","1","1","1","","1","","","1","1","","","","","","","","","","","","","","","","","","","","","1","","","","","","","","","","","","","","","","","","","","","","","","1","","","","","","","","","","","","","","","","","","","","","1","","1","","","","","","","","","","","","","","","","","","","","","","","","","","","","","","","","","","","","","","","","","","","","","","","","","","","","","","","","","1","","","","","","","","","","","","1","","","","","","","","","","","1","","","","","1","","","1","","","","","","","","","","","","","1","","","","",""
"Tower Hill Recovery Home","","611 Lowell Street","","Lawrence","MA","01841","","Essex","978-655-8752","https://lowellhouseinc.org","42.7008957","-71.1852232","SU","","1","","","","","","","","","","","1","1","","","","","","","","","","","","","","","","","1","","","","","1","1","","","1","","","1","","","1","1","","","","","","","","","","","","","","","","","","1","","","","","","","","","","1","1","1","1","1","","","","","","","","","","","1","","","","","","1","1","1","1","1","1","1","","","","1","1","1","1","1","","","","","","1","","","","1","","1","","","","","1","","","","","","","1","","","","","","","","","","","","1","1","1","","","","","1","1","","","","1","","","1","1","","","1","","","1","","","1","","","1","1","1","","","","1","1","1","","","","1","","1","1","1","1","1","","1","1","","","","","","","","","","","1","","1","","","","","","1","","1","","1","","","","","","1","1","","1","1","1","","","1","","","","","","","","","","","","","","","","","","","","","","","","","","","","","","","","","","","","","","","","","","","","","","","","","","","","","","","1","","","1","","","","","","","","","","","","","","","","","","","","","","","",""
"Tower Hill Recovery Home","","611 Lowell Street","","Lawrence","MA","01841","","Essex","978-655-8752","https://lowellhouseinc.org","42.7008957","-71.1852232","MH","1","1","","","","","","","","","","","","","","","","","","","","1","","","","","","1","","1","1","","1","1","","1","","","","1","","","1","","","","","","","","","","","","","","","","","","","","","","","","","","","","","","","","","1","","1","1","","","","","","","","","","","","","","","","","1","1","","","","","1","","","","","","","","","","","","","","","","","","1","","1","","","","","","","","","","","","1","","","","","1","","","","","","","","","","","","","","","","","","","","","","1","","1","","","","","","","","","","","","","","","","","","","","","","","","","","","","","","","","","","","","","","","","","","","1","","1","","","","","","","","","","","","","","","","","","","","","","","","","","","","","","","","","","","","","","","","","","","","","","","","","","","","","","","","","","","","","","","","","","","","","1","","","","","","","","","","","","","1","","","","","","","","","","","","","","","","","","","","","","","",""
"Advocates Community Counseling","Marlborough","340 Maple Street","4th Floor","Marlborough","MA","01752","","Middlesex","508-485-9300","https://www.advocates.org","42.3358223","-71.5411446","SU","","1","","","","","","","1","1","","","","","","","1","","","","","","","","","","","","","","1","","","","","1","1","1","1","","","","","","1","","","","","","","","1","","","","","","","","","","","","1","1","1","","","1","","1","","","1","1","1","1","1","","","","","","","","","","","","","","1","","1","1","1","1","1","1","1","1","1","1","1","1","1","1","1","1","","","","","","1","","","","1","","1","","","","","1","","","","1","1","","1","1","","","","1","","","","","","","1","1","1","1","1","","1","","1","1","","","1","","","","","","1","1","1","","1","","","1","","1","1","","1","1","1","","1","1","1","","1","","1","1","1","","1","1","1","","","1","1","","1","","1","","1","1","","","1","1","1","","","1","","","1","1","1","1","1","1","","","","1","1","","","1","1","1","1","","1","","","","","","","","","","","","","","","","","","","","","","","","","","","","","","","","","","","","","","","","","","1","","","","","","","","1","","","","","1","1","","","","","1","","","","","1","1","","","","","","","","","","1","","","","",""
"Advocates Community Counseling","Marlborough","340 Maple Street","4th Floor","Marlborough","MA","01752","","Middlesex","508-485-9300","https://www.advocates.org","42.3358223","-71.5411446","MH","1","1","","","","","","","","","","","","","","","","","","","","","","","1","","","1","1","1","1","1","1","1","","1","","","1","","","","","","1","","","","","","","","","","","","","","","","","","","","","","","","","","","","","","1","1","1","1","1","","1","1","","","","","","1","","","1","","1","","1","1","1","1","1","1","1","1","","","","","1","1","","","1","1","1","1","1","1","1","","","1","","1","1","1","1","1","1","","","","1","1","","1","1","","","","","1","","","","","","","","","","","","","","","","","","","","1","1","1","1","","","","","","","","","","","","","","","","","","","","","","","","","","","","","","","","","","","","","","","","","","","1","1","1","","","","","","","","","","","","","","","","","","","","","","","","","","","","1","","1","1","1","1","","","1","","1","1","1","1","1","1","1","1","1","","1","1","1","1","","1","","1","","1","","","","","","","","","","1","","1","","","","","","","","","","","1","","","","","1","","","","","1","1","","","","","","","","","","1","","","","",""
"JRI Lawrence","Behavioral Health Center","15 Union Street","Suite 215","Lawrence","MA","01840","","Essex","978-682-7289","https://www.jri.org","42.708399","-71.1531139","MH","1","1","","","","","","","","","","","","","","","","","","","","","","","1","","","1","1","1","1","1","1","1","","1","","","","1","","","","","1","","","","","","","","","","","","","","","","","","","","","","","","","","","","","","1","1","","1","1","","","1","","","","","","","","","","","","","1","1","1","","","","","","","","","","","1","","","1","","","1","","","","","","","","","1","","","1","","","","","","","","1","","","","","","","","","","","","","","","","","","","","","","","","","","1","1","1","1","","","","","","","","","","","","","","","","","","","","","","","","","","","","","","","","","","","","","","","","","","","1","","1","","","","","","","","","","","","","","","","","","","","","","","","","","","","","","","","","","","","","","","","","","","","","","","","","","","","","","","","","","","","","","","","","","","","","1","","","","","","","","","","","","","1","","","1","","","1","","","1","","","","","","","","","","1","","","","",""
"JRI Lawrence","Behavioral Health Center","15 Union Street","Suite 215","Lawrence","MA","01840","","Essex","978-682-7289","https://www.jri.org","42.708399","-71.1531139","SU","","1","","","","","","","","","","","","1","","","","","","","","","","","","","","","","","1","","","","","1","","1","","1","","","","","1","","","","","","","","1","","","","","","","","","","","","1","1","1","","","","","","","","1","1","","1","1","","","","","","","","","","","","","","","","1","1","","","","","","","","","","","","","","","","","","","","","","","","1","","","","","","","1","","","","","","","1","1","","","","","","","","","","","","1","1","1","1","","","","1","1","","","","","","","","","1","1","","","1","","","","","1","","","1","","","","","","","","","","1","1","","","1","1","1","","","","","","","","","","","","","","1","","1","","","","1","","","","","","","","","","","","","","","","","","","","","","","","","","","","","","","","","","","","","","","","","","","","","","","","","","","","","","","","","","","","","","","","","","","","","","","","","","","","","","1","","","1","","","","","","","","","","","","","","","","1","","","","",""
"VK New England Management LLC","Lawrence Medical Center","320 Essex Street","","Lawrence","MA","01840","","Essex","978-655-5290","https://lawrencemedicalcenter.net/","42.7073502","-71.1618866","MH","1","1","","","","","","","","","","","","","","","","","","","","","","","1","","","1","","","1","","1","","","1","","","","1","","","","","1","","","","","","","","","","","","","","","","","","","","","","","","","","","","","","1","1","1","1","1","1","","","","","","","","","","","","","","","1","1","1","1","1","1","1","1","","","","","1","1","","","","1","1","1","1","1","1","","1","1","1","1","1","1","1","1","1","1","1","","1","1","1","1","1","","","","1","","","","","","","","","","","","","","","","","","","","","","1","","1","","","","","","","","","","","","","","","","","","","","","","","","","","","","","","1","","","","","","","","","","","","1","","","1","","","","","","","","","","","","","","","","","","","","","","","","","","","","","","","","","","","","","","","","","","","","","","","","","","","","","","","","","","","","","","","","","","","1","","","","","","","","","","","","","","","1","","","1","","","","","","","","","","","","","","","","","","","1","",""
"VK New England Management LLC","Lawrence Medical Center","320 Essex Street","","Lawrence","MA","01840","","Essex","978-655-5290","https://lawrencemedicalcenter.net/","42.7073502","-71.1618866","SU","","1","1","","","1","1","1","1","1","1","","","","","","1","","","","","","","","","","","","","","1","","","","","1","1","1","","1","","","","","1","","","","1","1","","","1","","","","","","","","","","","","1","1","1","","","","","","","","1","1","1","1","1","1","","","","","","","","","","","","","","","","1","1","1","1","1","1","1","","1","1","1","1","1","1","1","","","","","","1","","","","1","","","","","","","1","","1","","1","","","1","","","","","1","","1","","","","1","","1","1","1","","1","1","","","1","","","1","","","1","1","","1","1","","","1","","","","","1","1","1","","","","","1","1","1","","1","","1","1","1","","1","1","","1","","","","","1","","1","1","1","1","","1","","","1","1","","1","","","1","1","1","","1","1","1","1","1","1","1","","","","1","","1","1","","","","","","","","","","","","","","","","","","","","","","","","","","","","","","","","","","","","","","","","","","","1","","1","","","","","","","1","","","","","","","1","","","","1","","","","","","","","","","","","","","","","","","","",""
"Vinfen Behavioral Health","","391 Varnum Avenue","","Lowell","MA","01852","","Middlesex","978-674-6744","https://vinfen.org","42.6460726","-71.3449328","MH","1","1","","","","","","","","","","","","","","","","","","","","","","","1","","","1","1","1","1","1","1","1","","1","","","1","","","","","","1","","","","","","","","","","","","","","","","","","","","","","","","","","","","","","1","1","1","","1","","","","","","","","","","","","1","1","1","","1","1","","","","","","","","","","","","","","","","","","","","","","","","","","1","1","","","1","","","","","1","1","","1","1","","","","1","","","","","","","","","","","","","","","","","","","","","1","1","1","1","","","","","","","","","","","","","","","","","","","","","","","","","","","","","","","","","","","","","","","","","","","1","","1","","","","","","","","","","","","","","","","","","","","","","","","","","","","1","","1","1","1","1","","1","1","1","","1","","","","1","","1","1","1","1","1","1","1","","","","","","1","","","","","","","","","","1","","1","","","","","","","","","","","1","","","","","1","","","","","","","","","","","","","","","","1","","","","",""
"Vinfen Behavioral Health","","391 Varnum Avenue","","Lowell","MA","01852","","Middlesex","978-674-6744","https://vinfen.org","42.6460726","-71.3449328","SU","","1","","","","1","","1","1","1","1","","","","","","1","","","","","","","","","","","","","","1","","","","","1","1","1","1","","","","","","1","","","","","1","","","1","","","","","","","","","","","","1","1","1","","","1","","","","","1","1","1","","1","","","","","","","","","","","","","","1","","1","1","","","","","","","","","","","","","","","","","","","","","","","","1","","1","","","","","1","","","","1","1","","1","1","","","","1","","","","","","","","1","1","1","1","","1","","1","1","","","1","","1","","","","1","1","","","1","","","","","1","1","1","1","1","","","","1","1","","1","","1","1","1","","1","1","1","","1","1","","","1","","1","1","1","1","","","1","","1","","","1","","","1","1","1","","1","1","","","","1","","","","1","1","1","1","","","","","","","","","","","","","","","","","","","","","","","","","","","","","","","","","","","","","","","","","","","","1","","","","","","","","","","","","","","1","","","","","","1","","","","","","","","","","","","","","","","","","","",""
"Bicycle Health","Telehealth","","","Boston","MA","02111","","Suffolk","844-943-2514","https://bicyclehealth.com","","","SU","","1","","","","1","","","1","1","","","","","","","1","","","","","","","","","","","","","","1","","","","","1","1","","1","","","","","","1","","","","","1","","","","","","","","","","","","","","","1","","1","","","","","","","","1","1","1","1","1","","","","","","","","","","","","","","","","","","","","","","1","","","","1","1","","","","","","","","","","","","","","1","","1","","","","","","","","","","","","1","","","","","1","","","","","","","","1","1","","","","1","","1","","","","1","","","1","1","","1","1","","","1","1","","","","1","1","1","1","","","","","","1","","","","1","1","1","1","1","1","1","","","","","","1","","1","","1","1","1","1","","","","1","","","1","","","","","","","","","","","","","1","","1","1","1","","","","","","","","","","","","","","","","","","","","","","","","","","","","","","","","","","","","","","","","","","","","","","","","","","","","","","1","","","","","1","","","1","","","","","","","","","","","","","","","","","","","","","","",""
"Tufts Medical Center","Hospitals","","","Boston","MA","02111","","Suffolk","617-636-5000","https://www.tuftsmedicalcenter.org","","","MH","1","1","","","","","","","","","","","","","","","","","","","","","","","","","","1","1","1","1","1","1","1","1","1","","","","1","","1","","","1","","","","","","","","","","","","","","","","","","","","","","","","","","","","","","1","1","1","","1","","","","","","","","","","","","","","","","","","","","","","","","","","","","","","","","","","","","","","","","","1","1","","1","1","","1","","1","1","","","","","","","","","","","","","","","","","","","","","","","","","","","","","","","1","1","1","1","","","","","","","","","","","","","","","","","","","","","","","","","","","","","","","","","","","","","","","","","","","1","","1","","","","","","","","","","","","","","","","","","","","","","","","","","","","1","","","1","1","1","","1","1","1","1","1","","","","1","","1","1","","1","1","1","","","","","","1","","","","","","","1","","","","1","","1","","","","","","","","","","","","","1","","","","","","","","","","","","","","","","","","","","","","","",""
"Victory Programs Inc","Victory House","404 South Huntington Avenue","","Jamaica Plain","MA","02130","","Suffolk","617-262-5032","https://www.vpi.org","","","SU","","1","","","","","","","","","","","1","","","","1","","","","","","","","","","","","","","1","","","","","","1","1","","1","","","1","","","","1","","","","","","","","","","","","","","","","","","1","","1","","","","","","","","","1","","1","","","","","","","","","","","","","","","","1","","","1","1","","","1","1","","","","1","1","1","1","1","","","","","","","","","","1","","1","","","","","1","","","","","","","1","","","","","1","","","","","","","","1","1","","","1","","","1","1","1","","1","","","1","1","","","1","","","1","","","","","","1","","1","","","1","1","1","1","1","","","","","1","1","","1","1","1","1","1","1","","","","","","","","","","1","","","","1","1","","","1","","1","1","1","","","1","","","1","","","1","1","1","","","","","","","","","","","","","","","","","","","","","","","","","","","","","","","","","","","","","","","","","","","","","","","","","","","","","","","1","1","","","1","","","","","","","","","","","","","","","","","","","","","","","","","",""
"Victory Programs Inc","New Victories","404 South Huntington Avenue","","Jamaica Plain","MA","02130","","Suffolk","617-825-6088","https://www.vpi.org","","","SU","","1","","","","","","","","","","","1","","","","1","","","","","","","","","","","","","","1","","","","","","1","1","","1","","","1","","","","1","","","","","","","","","","","","","","","","","","1","","1","","","","","","","","","1","","1","","","","","","","","","","","","","","","","1","","","1","","","","","1","","","","1","1","1","1","1","","","","","","","","","","1","","1","","","","","1","","","","","","","1","","","","","1","","","","","","","","1","1","","","1","","","1","1","1","","1","","","1","1","","","1","","","1","","","","","","1","","1","","","1","1","1","1","1","","","","","1","1","","1","1","1","1","1","1","","","","","","","","","","1","","","","1","1","","","1","","1","1","1","","","1","","","1","","","1","1","1","","","1","","","","","","","","","","","","","","","","","","","","","","","","","","","","","","","","","","","","","","","","","","","","","","","","","","","","1","1","","","1","","","","","","","","","","","","","","","","","","","","","","","","","",""
"North Charles Institute for the Addict","Medication Unit at the Camb","","","Cambridge","MA","02140","","Middlesex","617-876-0823","https://www.northcharles.org","","","SU","","1","1","1","1","","","","","","","1","","","","","","","1","","","","","","","","","","","","","","","","","","","","1","","","","","","1","","","","1","1","","","","","","","1","","","","","","","","1","","1","","","1","","","","","1","1","1","","1","","","","","","","","","","","1","","","1","1","","","","","","","","","","","","","","","","","","","","","","","","","","1","","","","","","","","","","","","","","","1","","","","","","","","","","1","","1","","","","","1","","","","","","","","","1","1","","1","1","","","","","","1","","","","1","","","","","","","","","","","","","","","","1","","","","","","","","1","","","","","","","1","","","","","","","","1","","1","1","1","","","","","","","1","","1","","","","1","","","","","","","","","","","","","","","","","","","","","","","","","","","","","","","","","","","","","","","","","","","","","","","","1","1","","1","","","","","","1","","","1","","","1","","","","","","","","","","","","","","","","","","","",""
"Victory Programs Inc","Shepherd House","","","Dorchester","MA","02125","","Suffolk","617-288-3906","https://www.vpi.org","","","SU","","1","","","","","","","","","","","1","","","","1","","","","","","","","","","","","","","1","","","","","","1","1","","1","","","1","","","","1","","","","","","","","","","","","","","","","","","1","","1","","","","","","","","","1","","1","","","","","","","","","","","","","","","","1","","","1","","","","","1","","1","1","","1","1","1","1","","","","","","","","","","1","","1","","","","","1","","","","","","","1","","","","","1","","","","","","","","1","1","","","1","","1","1","1","1","","1","1","","","","","1","","","","1","","","","","","1","","1","","1","1","1","1","1","1","","","","","1","1","","1","1","1","","1","1","","","","","","","","","","1","","","","1","1","","","1","","1","1","1","","","1","","","1","","","1","1","1","","","1","","","","","","","","","","","","","","","","","","","","","","","","","","","","","","","","","","","","","","","","","","","","","","","","","","","","1","1","","","1","","","","","","","","","","","","","","","","","","","","","","","","","",""
"BHN Dorchester Family Center","","","","Dorchester","MA","02125","","Suffolk","617-379-3307","https://www.bhninc.org","","","SU","","1","","","","","","","","","","","","","","","1","","","","","","","","","","","","","","1","","","","","1","1","1","1","","","","1","","","","1","","","","","","","","","","","","","","","","","","1","","1","","","","","","","","1","1","1","1","1","1","","","","","","","","","","1","","","1","","1","1","","","","","","","","1","1","","","","","","","","","","","","","","","1","","","","","","","1","","","","1","","","1","1","","","","1","","","","","","","","1","1","1","","1","","","1","1","","","1","1","","1","1","","1","","","","1","","","1","1","","1","1","1","","1","","1","1","1","","1","","1","1","1","1","1","1","1","","1","1","","","","","","","","","","","1","","","","1","1","","","1","","1","1","1","","","","","","","1","","1","1","","","","","","","","","","","","","","","","","","","","","","","","","","","","","","","","","","","","","","","","","","","","","","","","","","","","","","","","","","","","1","","","","","","","","","","","","","","","","","","","","","","","","","",""
"HRI Hospital","","227 Babcock Street","","Brookline","MA","02446","","Norfolk","617-731-3200","https://hrihospital.com","","","SU","","1","1","1","1","1","1","1","1","1","1","1","","","","","1","","1","","","","","","","","","","","","1","","","","","1","1","1","1","","","1","","","1","","","","","1","1","1","","1","1","","","1","","","","","","","1","1","","","1","","","","","","1","1","1","","1","1","","","","","","","","","","","","","","","1","1","1","","","","","","","","1","1","1","1","1","1","","","","","","1","","","","1","","1","","","","","1","","1","","1","1","","1","1","","","","1","","1","1","1","1","1","","1","1","1","","","1","","1","1","","1","1","","","1","1","","1","1","","","1","","","1","","1","1","1","1","1","1","1","","1","1","1","","","1","1","1","1","1","1","1","1","1","1","1","","1","1","1","","1","1","","1","","","1","","","1","","","","1","1","","1","1","1","1","","1","1","","1","1","1","","","1","","","","","","","","","","","","","","","","","","","","","","","","","","","","","","","","","","","","","","","","","","","1","","1","","","","1","","","1","1","1","","","1","","","","","","1","","","","","","","","","","","","","","","","","","","",""
"Victory Programs Inc","New Joelyns Home","404 South Huntington Avenue","","Jamaica Plain","MA","02130","","Suffolk","617-456-1201","https://www.vpi.org","","","SU","","1","","","","","","","","","","","1","","","","1","","","","","","","","","","","","","","1","","","","","","1","1","","1","","","1","","","","1","","","","","","","","","","","","","","","","","","1","","1","","","","","","","","","1","","1","","","","","","","","","","","","","","","","1","","","1","","","","","","","","1","1","1","1","1","1","","","","","","","","","","1","","1","","","","","1","","","","","","","1","","","","","1","","","","","","","","1","1","","","1","","","1","1","1","","1","","","1","1","","1","1","","","1","","","","","","1","","1","","1","1","1","1","1","1","","","","","1","1","","1","1","1","1","1","1","","","","","","","","","","1","","","","1","1","","","1","","1","1","1","","","1","","","1","","","1","1","1","","","1","","","","","","","","","","","","","","","","","","","","","","","","","","","","","","","","","","","","","","","","","","","","","","","","","","","","1","1","","","1","","","","","","","","","","","","","","","","","","","","","","","","","",""
"Interim House Inc","Recovery Home","","","Dorchester Center","MA","02124","","Suffolk","617-265-2636","https://","","","MH","1","1","","","","","","","","","","","","","","","","","","","","1","","","","","","1","","1","1","","1","","","","","","","1","","","1","","","","","","","","","","","","","","","","","","","","","","","","","","","","","","","","","1","","1","","","","","","","","","","","","","","","","","","","1","","","1","","1","","","","","1","","","","","","","","","1","","","","1","","1","1","","1","","1","","","1","1","1","","1","","1","","","1","","","","","","","","","","","","","","","","","","","","","","1","","1","","","","","","","","","","","","","","","","","","","","","","","","","","","","","","","","","","","","","","","","","","","1","","1","","","","","","","","","","","","","","","","","","","","","","","","","","","","","","","","","","","","","","","","","","","","","","","","","","","","","","","","","","","","","","","","","","","","","","","","","","","","","","1","","1","","","","","","","","","","","","","","","","","","","","","","","","","",""
"Interim House Inc","Recovery Home","","","Dorchester Center","MA","02124","","Suffolk","617-265-2636","https://","","","SU","","1","","","","","","","","","","","","","","","1","","","","","","","","","","","","","","1","","","","","","1","1","","1","","","1","","","","1","","","","","","","","","","","","","","","","","","1","","","","","","","","","","","1","","1","","","","","","","","","","","","","","","","","","","1","1","","1","1","1","","","","1","1","1","1","1","","","","","","1","","","","1","","1","","","","","1","","1","","","","","1","","","","","1","","","","","","","1","1","1","1","","1","1","1","1","1","","1","1","","","1","1","","","1","","","1","","","1","","","1","1","1","","","1","1","1","1","","1","","","1","1","1","1","1","1","","","1","","","","","","","","","","","1","","","1","","1","","","1","","1","","1","","","","","","","1","","1","1","1","1","","","","","","","","","","","","","","","","","","","","","","","","","","","","","","","","","","","","","","","","","","","","","","","","","","","","","","","","","1","1","","","","","1","","","1","","1","","","","","","","1","","","","1","","","","",""
"Fellside","","","","Medford","MA","02153","","Middlesex","781-648-6053","https://www.gouldfarm.org","","","MH","1","","","","","","","","","","","","","","","","","","","","","1","","","","","","1","","1","1","1","","1","","","","","","1","","","1","","1","","","","","","","","","","","","","","","","","","","","","","","","","","","","","","1","","","","1","","","","","","","","","","","","","","1","1","","","1","","","","","","","","","","1","1","","","","1","","","","1","","","","1","","","","1","","","","","","","","","1","","","1","1","","","1","","","","","","","","","","","","","","","","","","","","","1","","1","","","","","","","","","","","","","","","","","","","","","","","","","","","","","","","","","","","","","","","","","","","1","","","","","","","","","","","","","","","","","","","","","","","","","","","","","","","","","","","","","","","","","","","","","","","","","","","","","","","","","","","","","","","","","","","","","","","1","","","","","","","","","","","","","1","","","","","","","","","","","","","","","","","","","","","","","",""
"Hello House Burt Street","","","","Dorchester Center","MA","02124","","Suffolk","617-288-3250","https://www.voamass.org","","","MH","1","1","","","","","","","","","","","","","","","","","","","","1","","","","","","1","1","1","1","1","1","1","","1","","","","1","","","1","","","","","","","","","","","","","","","","","","","","","","","","","","","","","","","","","1","","1","","","","","","","","","","","","","1","","","","","","1","","","","","1","","","","","","1","","","","1","","1","1","","","","1","1","","1","","","","1","1","","","","1","1","1","1","1","","","","1","1","","","","","","","","","","","","","","","","","","","","","1","","1","","","","","","","","","","","","","","","","","","","","","","","","","","","","","","","","","","","","","","","","","","","1","","1","","","","","","","","","","","","","","","","","","","","","","","","","","","","","","","","","","","","","","","","","","","","","","","","","","","","","","","","1","1","","","","","","","","","","","","1","","","","","","","","","","","","","1","","","","","","","","","","","","","","","","","","","","","","","",""
"Hello House Burt Street","","","","Dorchester Center","MA","02124","","Suffolk","617-288-3250","https://www.voamass.org","","","SU","","1","","","","1","","1","1","1","1","","","","","","1","","","","","","","","","","","","","","1","","","","","1","1","1","","1","","","1","","","","1","","","","","","","","","","","","","","","","","","1","","1","","","1","","","","","","1","","1","","","","","","","","","","","","1","","","","","1","","1","","","","","","","","","1","","1","","","","","","","","","","","","1","","1","","","","","1","","","","1","1","","1","1","","","","1","","","","","","","","1","1","1","1","1","1","","1","1","","","1","","","1","1","","","1","","","1","1","","","","1","1","1","1","1","","","1","1","1","","","","1","","1","1","1","1","1","","1","1","1","","1","","1","1","1","1","1","","1","","1","1","1","1","","","1","1","1","1","1","1","","","1","1","1","","","1","1","1","","","1","","","","","","","","","","","","","","","","","","","","","","","","","","","","","","","","","","","","","","","","","","1","","","","","","","","1","","","","","","","","1","","","","","","","","","","","","","","","","","","","","","","","",""
"Gavin Foundation","Eileens House","","","Dorchester Center","MA","02124","","Suffolk","857-496-7356","https://www.gavinfoundation.org","","","SU","","1","","","","","","","","","","","","","","","1","","","","","","","","","","","","","","1","","","","","","1","","","1","","","1","","","","1","","","","","","","","","","","","","","","","","","1","","1","","","1","","","","","1","1","","","1","","","","","","","","","","","","","","","","","","","","","","","","","","1","","","","","","","","","","","","","","","","","","","","","","1","","","","","","","1","","","","","1","","","","","","","1","1","1","1","","1","1","","1","1","","","1","","","1","1","","1","","","","1","","","","","","","","1","","","","1","1","1","","","","","","1","","","","","","","1","","","","","","","","","","","1","","","1","1","1","","","1","","1","1","1","","","","","","","","","1","1","","","","","","","","","","","","","","","","","","","","","","","","","","","","","","","","","","","","","","","","","","","","","","","","","","","","","","","","","","","1","","","1","","","","","","","","","","","","","","","","","","","","","","","",""
"Monomoy Health","","","","Watertown","MA","02472","","Middlesex","617-286-4059","https://www.monomoyhealth.com","","","MH","1","","","","","","","","","","","","","","","","","","","","","","","","1","","","1","","","","","1","","","1","","","","1","","","","","1","","","","","","","","","","","","","","","","","","","","","","","","","","","","","","1","","","","1","","","","","","","","","","","","","","1","","","","1","1","1","1","1","1","","","","","1","1","","","1","1","","1","","1","","","","","","","","","","","","","","","","","","","","","","","","","","","","","","","","","","","","","","","","","","","","1","1","1","1","","","","","","","","","","","","","","","","","","","","","","","","","","","","","","","","","","","","","","","","","","1","","","1","","","","","","","","","","","","","","","","","","","","","","","","","","","","","","","","","","","","","","","","","","","","","","","","","","","","","","","","","","","1","1","1","","","","","","","","","","","","1","","","","","","","","","1","","","","","","","","","","","","","","","","","","","","","","","",""
"Johnson Street Womens Program","Bridgewell","10 Dearborn Road","","Peabody","MA","01960","","Essex","781-584-8490","https://www.bridgewell.org","","","SU","","1","","","","","","","","","","","1","","","","1","","","","","","","","","","","","","","1","","","","","1","1","1","","1","","","1","","1","","1","","","1","","","","","","","","","","","","","","","1","","1","","","1","","","","","","1","1","1","1","","","","","","","","","","","1","","","","1","","1","1","1","","1","1","1","","1","1","","1","1","1","1","","","","","","1","","","","1","","1","","","","","1","","1","","","","","1","1","","","","1","","","","","","","","1","1","1","1","1","","1","1","1","1","","1","1","","1","1","","1","","","","1","","","1","","","1","1","1","","1","","1","1","1","","1","","1","1","1","1","1","1","1","","1","1","1","","","","","","","","","","1","","","1","1","1","","","1","","1","1","1","","","","","","1","","","1","1","1","","","1","","","","","","","","","","","","","","","","","","","","","","","","","","","","","","","","","","","","","","","","","","","","","","","","","","","","","","","1","1","","","","","1","","","","","","","","","","","1","","","","","1","","","","",""
"Commonwealth Behavioral Health","DBA New Harbor Behavioral Healthcare","","","Dedham","MA","02026","","Norfolk","781-532-6424","https://www.newharborbh.com","","","SU","","1","","","","1","","1","1","1","","","","","","","1","","","","","","","","","","","","","","1","","","","","1","1","1","","1","","","","","1","","","","","1","1","1","1","","","","","","","","","","","","1","","1","","1","","","","","","1","","","","1","","","","","","","","","","","","","","","","","","1","","","","","","1","","","","","1","","","","","","","","1","","","","1","","1","","","","","","","","","","","","1","1","","","","1","","","","","","","","1","1","1","","","","1","1","1","","","1","","1","","1","","1","1","","","1","","","1","","1","1","1","1","","","","","1","1","","","","1","1","1","","1","1","","","","","","","1","","1","","1","1","","1","","","1","","1","1","","","1","1","1","1","1","","","","","","","1","","1","1","","","","","","","","","","","","","","","","","","","","","","","","","","","","","","","","","","","","","","","","","","","","","","1","","","","","","","","","1","","","","1","","","1","","","","","","","","","","","","","","","","","","","","","","","",""
"Commonwealth Behavioral Health","DBA New Harbor Behavioral Healthcare","","","Dedham","MA","02026","","Norfolk","781-532-6424","https://www.newharborbh.com","","","MH","1","1","","","","","","","","","","","","","","","","","","","","","","1","","","","1","1","1","1","1","1","1","","1","","","","1","","","","1","1","","","","","","","","","","","","","","","","","","","","","","","","","","","","","","1","","","","1","","","","","","","","","","","","","","","","","","1","","","","","","","","","","","1","","","1","1","","1","","1","","","","1","","","","","1","","","","","","","","","1","1","","","","1","","","","","","","","","","","","","","","","","","","","","1","1","1","","","","","","","","","","","","","","","","","","","","","","","","","","","","","","","","","","","","","","","","","","","1","","","1","","","","","","","","","","","","","","","","","","","","","","","","","","","","","","","","","","","","","","","","","","","","","","","","","","","","","","","","","","","","","","","","","","","","","1","","","","","","","","","","","","","1","","","","","","","","","","","","","","","","","","","","","","","",""
"Mentor South Bay","","","","Wakefield","MA","01880","","Middlesex","781-851-2648","https://www.mentorsouthbay.com","","","MH","1","1","","","","","","","","","","","","","","","","","","","","","","","1","","","1","1","1","1","","1","1","","1","","","","1","","","","","1","","","","","","","","","","","","","","","","","","","","","","","","","","","","","","","1","1","1","1","","","","","","","","","","","","","","","","1","","","","","","","","","","","","","","","","","","","","","","","","","","","","1","","","","","","","","","","","1","1","","","","1","","","","","","","","","","","","","","","","","","","","","1","1","1","1","","","","","","","","","","","","","","","","","","","","","","","","","","","","","","","","","","","","","","","","","","1","","","1","","","","","","","","","","","","","","","","","","","","","","","","","","","","","","","","","","","","","","","","","","","","","","","","","","","","","","","","","","","","","","","","","","","","","1","","","","","","","","","","","","","1","","","1","","1","","","","","","","","","1","","","","","","","1","","",""
"Beth Israel Lahey Health","Salem Clinic","35 Congress Street","Building 2, Suite 150-B","Salem","MA","01970","","Essex","978-968-1700","https://www.bilhbehavioral.org","","","MH","1","1","","","","","","","","","","","","","","","","","","","","","","","1","","","1","1","1","1","1","1","1","","1","","","1","","","","","","1","","","","","","","","","","","","","","","","","","","","","","","","","","","","","","1","1","1","1","1","","","","","","","","","","","","1","","","","","1","1","","","","","1","","","","","","1","","","1","1","","1","","1","1","","","","","","1","","","","","","","","1","","","1","1","","","","1","","","","","","","","","","","","","","","","","","","","","1","1","1","1","","","","","","","","","","","","","","","","","","","","","","","","","","","","","","","","","","","","","","","","","","","1","","1","","","","","","","","","","","","","","","","","","","","","","","","","","","","","","","","","","","","","","","","","","","","","","","","","","","","","","","","","","","","","","","","","","","1","","1","","","","","","","","","","","1","","","","","","","","","","","","","","","","","","","","","","","","","",""
"Beth Israel Lahey Health","Salem Clinic","35 Congress Street","Building 2, Suite 150-B","Salem","MA","01970","","Essex","978-968-1700","https://www.bilhbehavioral.org","","","SU","","1","","","","","","","","","","","","","","","1","","","","","","","","","","","","","","1","","","","","1","1","1","1","","","","","","1","","","","","1","","1","1","","","","","","","","","","","","1","","","","","1","","","","","1","1","1","1","1","","","","","","","","","","","","","","","","","","1","1","1","1","","1","1","1","1","1","1","1","1","1","","","","","","1","","","","","","","","","","","","","","","","","","1","1","","","","1","","","","","","","1","1","1","1","1","","1","","1","1","","","1","","1","","","","1","1","1","","1","","","1","","1","1","","1","","","","","","","","","","1","","1","1","1","1","1","","","","","","","","","","","","","","1","","1","1","1","","","","1","","1","","1","","","","","","1","","","1","1","","","","","","","","","","","","","","","","","","","","","","","","","","","","","","","","","","","","","","","","","","","","","","1","","","","","1","","","","1","","","","1","1","","","","","","","","","","","","","","","","","","","","","","","","","",""
"First Class Behavioral Counseling","","1017 Turnpike Street","Suite 32-A","Canton","MA","02021","","Norfolk","781-236-7343","https://www.firstclassbehavioral.com","","","MH","1","1","","","","","","","","","","","","","","","","","","","","","","","","","","1","1","","1","","1","","","1","","","","1","","","","","1","","","","","","","","","","","","","","","","","","","","","","","","","","","","","","1","1","1","1","1","","","","","","","","","","","","1","","","","","","1","1","1","1","1","1","","","","","1","1","","1","1","1","1","1","1","1","1","","","1","1","1","1","","","1","","1","","","","","1","","1","","","","","","","","","","","","","","","","","","","","","","","","","1","1","1","1","","","","","","","","","","","","","","","","","","","","","","","","","","","","","","","","","","","","","","","","","","1","","1","1","","","","","","","","","","","","","","","","","","","","","","","","","","","","","","","","","","","","","","","","","","","","","","","","","","","","","","","","","","","","1","","","","","","","1","","","","","","1","","","","","","","","","1","","","","","","","","","","","","","","","","","","","","","","","",""
"DBT Works","","575 Virginia Road","Building 3, Suite 102","Concord","MA","01742","2761","Middlesex","978-440-2168","https://www.dbtworks.com","","","MH","1","","","","","","","","","","","","","","","","","","","","","","","","","","","1","1","1","","1","","","","","","","","1","","","","1","1","","","","","","","","","","","","","","","","","","","","","","","","","","","","","","1","","","","1","","","","","","","","","","","","","","","","","","","","","","","","","","","","","1","","","1","","","1","","1","","","","","","","","","","1","","","","","","","","","1","","","","","","","","","","","","","","","","","","","","","","","","","1","1","1","","","","","","","","","","","","","","","","","","","","","","","","","","","","","","","","","","","","","","","","","","","1","","","1","","","","","","","","","","","","","","","","","","","","","","","","","","","","","","","","","","","","","","","","","","","","","","","","","","","","","","","","","","","1","","","","","","","","","","","","","","","","","","","","","","","1","","","","","","","","","","","","","","","","","","","","","","","",""
"SMOC Behavioral Healthcare","","7 Bishop Street","Building 29","Framingham","MA","01702","8323","Middlesex","508-879-2250","https://www.smoc.org","","","SU","","1","","","","","","","","","","","","","","","1","","","","","","","","","","","","","","1","","","","","1","1","1","1","","","","","","1","","","","","","","","1","","","","","","","","","","","","1","1","1","","","","","","","","1","1","1","1","1","1","","","","","","","","","","1","","","","","1","1","","","","","1","","","","1","1","","","","","","","","","","1","","","","1","","1","","","","","1","","","","","","","1","","","","","1","","","","","","","1","1","1","1","1","1","1","1","1","1","","","1","","","","","","1","1","1","","1","","","","","1","1","","1","","","","1","1","1","","","","1","1","1","1","1","1","","","1","1","1","","","","","","","","","","1","","1","1","1","1","","","1","","1","1","1","","","","","","","","","1","","1","","","1","","","","","","","","","","","","","","","","","","","","","","","","","","","","","","","","","","","","","","","","","","1","","","","","","","","","","","","","1","1","","","","","1","","","1","","","","","","","","","","","","","1","","","","",""
"SMOC Behavioral Healthcare","","7 Bishop Street","Building 29","Framingham","MA","01702","8323","Middlesex","508-879-2250","https://www.smoc.org","","","MH","1","1","","","","","","","","","","","","","","","","","","","","","","","1","","","1","1","1","1","","1","","","1","","","1","","","","","","1","","","","","","","","","","","","","","","","","","","","","","","","","","","","","","1","1","1","1","1","1","","1","","","1","","1","","","","","","","","1","1","1","","","1","","","","","","","","1","","","1","","","1","","","","","","","","1","1","","","1","","","","","","","","1","","","1","","1","","","","","","","","","","","","","","","","","","","","","1","1","1","1","","","","","","","","","","","","","","","","","","","","","","","","","","","","","","","","","1","","","","","","","","","","1","","1","","","","","","","","","","","","","","","","","","","","","","","","","","","","1","","1","1","1","1","","1","","","1","1","","","","1","","1","1","1","1","1","1","1","","","","","","","","1","","","","","","","","1","","","","","","","","","","","","","1","","","","","1","","","","","","","","","","","","","","","","1","","","","",""
"228 COE House","","228 Concord Street","","Framingham","MA","01702","","Middlesex","508-424-5066","https://www.smoc.org","","","SU","","1","","","","","","","","","","","","","","","1","","","","","","","","","","","","","","1","","","","","","1","1","","1","","","1","","","","1","","","","","","","","","","","","","","","","","","1","","1","","","","","","","","","1","1","1","","","","","","","","","","","","1","","","","","","1","1","","","","","","","1","1","","","1","","1","","","","","","1","","","","1","","1","","","","","1","","","","","","","","","","","","1","","","","","","","","1","1","","","1","1","1","1","1","","","1","","","1","1","","1","","","","1","","","","","","","","1","","","","1","1","1","","","","1","","1","1","","","1","","1","1","","","","","","","","","","","1","","1","","1","","","","1","","","1","","","","","","","","","","1","1","","","","","","","","","","","","","","","","","","","","","","","","","","","","","","","","","","","","","","","","","","","","","","","","","","","","","","","","","","","","","","1","","","","","","","","","","","","","","","","","","","","","","","",""
"228 COE House","","228 Concord Street","","Framingham","MA","01702","","Middlesex","508-424-5066","https://www.smoc.org","","","MH","1","1","","","","","","","","","","","","","","","","","","","","1","","","","","","1","","1","1","1","1","","","","","","","1","","","1","","","","","","","","","","","","","","","","","","","","","","","","","","","","","","","","","1","1","1","","","","","","","","","","","","","","","","","","","1","","","","","","","","","","","","","","","","","","","","","","","1","","","","","","","","","","","","","","1","","","","","1","","","","","","","","","","","","","","","","","","","","","","1","","1","","","","","","","","","","","","","","","","","","","","","","","","","","","","","","","","","","","","","","","","","","","1","","1","","","","","","","","","","","","","","","","","","","","","","","","","","","","","","","","","","","","","","","","","","","","","","","","","","","","","","","","","","","","","","","","","","","","","","","","","","","","","","","","","","1","","","","","","","","","","","","","","","","","","","","","","","",""
"Justice Resource Institute Inc","Merrimack Center","","","Tewksbury","MA","01876","","Norfolk","978-851-0790 x38652","https://www.jri.org","","","MH","1","","","","","","","","","","","","","","","","","","","","1","","","","","","","1","1","1","1","1","","1","","1","","","1","","","","1","","","","","","","","","","","","","","","","","","","","","","","","","","","","","","","","","1","","1","1","","1","1","","","","","","","","","","","","","","","","","","","","","","","","","","1","","","1","","","1","1","","","","","1","","1","","1","1","1","","","","","","","1","1","1","","","","1","","","","","","","","","","","","","","","","","","","","","1","","1","","","","","","","","","","","","","","","","","","","","","","","","","","","","","","","","","","1","","","","","","","","","","1","","1","","","","","","","","","","","","","","","","","","1","","","","","","","","","","1","","","1","","","","","","","","1","","","","1","","1","1","","1","1","1","","","","","","","","","","","","","","","","","1","","1","","","","","","","","","1","","1","","","","","","","","","","","","","","","","","","","","","","","","","",""
"Riverbend/Formerly Lowell House Inc","Mens Recovery Home","P.O. Box 359","1751 Main Street","Tewksbury","MA","01876","","Middlesex","978-459-3371 x201","https://www.riverbendmv.org","","","SU","","1","","","","","","","","","","","1","","","","1","","","","","","","","","","","","","","1","","","","","","1","1","","1","","","1","","","","1","","","","","","","","","","","","","","","","","","1","","1","","","","","","","","","1","","1","","","","","","","","","","","","","","","","","1","1","","","","","","","","","","1","","","","","","","","","","","","","","1","","1","","","","","1","","","","","","","1","","","","","1","","","","","","","1","1","1","","","1","","1","1","1","","","1","","","1","1","","","1","","","1","","","1","","","1","1","1","","","","1","1","1","","","","","1","1","1","1","1","1","","","1","","","","","","","","","","","1","","","","","1","","","1","","1","","1","","","","","","","","","1","1","1","","","","","","","","","","","","","","","","","","","","","","","","","","","","","","","","","","","","","","","","","","","","","","","","","","","","","","","","","","","","","1","","","","","","","","","","","","","","","","","","","","","","","",""
"Sheehan Womens Program","Lowell House Inc","","","Lowell","MA","01852","","Middlesex","978-640-0840","https://www.lowellhouseinc.org","","","SU","","1","","","","","","","","","","","1","","","","1","","","","","","","","","","","","","","1","","","","","","","","","1","","1","1","","","","1","","","","","","","","","","","","","","","","","","","","","","","","","","","","","","","","","","","","","","","","","","","","","","","","1","1","1","1","","1","","1","","1","1","","1","1","1","1","","","","","","","","","","1","","1","","","","","1","","","","","","","1","","","","","","","","","","","","","","","","","","1","1","1","","","","1","","","1","1","","1","","","","1","","","1","","","1","1","1","","","","","1","1","","","","","","1","","1","1","1","","","1","","","","","","","","","","","1","","","","1","","","","1","","","1","","","","","","","1","1","","1","1","1","","","","","","","","","","","","","","","","","","","","","","","","","","","","","","","","","","","","","","","","","","","","","","","","","","","","","","","","","","","","","1","","","","","","","","","","","","","","","","","","","","","","","",""
